Var1,Var2,Var3,Var4,Var5,class
5.714261676148191,2.4032724411857425,2.3073336100985893,7.49932667662254,6.217338132914405,1
2.2283940686093713,4.33927510526719,5.69137429324455,5.99814762348236,3.6601120174599893,1
4.643040801513967,4.908131950333317,2.9131497593899813,3.871815589017703,4.134220461706968,1
3.320507488329623,6.229080623741813,6.706318625776473,2.758072434113645,2.3677629869473082,1
5.3340077632946,5.878851904269345,4.984880895008706,6.144790604057362,3.7885673088881067,1
6.997546217809243,7.538382848989388,7.004780941465825,5.312181016279104,2.972710997765496,1
5.3426231638007975,3.123293471109819,3.2677847778728353,6.095646011200964,5.07837300785764,0
7.448304399045611,4.495743279871803,5.088455451136807,4.543935742498964,4.093898368005267,1
8.091443282009369,2.4347467897176918,4.076180823018058,7.084214286104556,2.412755430390001,0
4.558639741308893,6.72805132013405,4.707308431832554,4.372036322435789,4.710289316217879,1
4.573065232072966,2.8371064661968526,5.0705624059052115,6.173790562754382,7.37436013002651,1
7.119638792520071,4.778047821428445,4.8998077599774685,2.498681791489178,7.971067558888031,1
5.325939748475567,2.6717051788050132,3.266436593453622,5.591799589114301,2.06358735199247,0
5.311657477769433,4.4142508481457545,1.3390965616209645,4.346565149163766,4.287515125283017,0
6.058532047845871,4.634292721711131,7.37072830326993,5.106836719076192,4.946088006697303,1
1.3088134108683,3.2868695657066227,4.466052198706528,1.4958190545672196,5.272380807294583,0
4.689633938256716,3.353680164190152,0.7174144999681378,3.610584320685089,1.6421384033636444,0
4.186601050927317,2.038427372942033,6.689461602468099,4.222862066456146,6.062439889247574,0
2.965101396950188,7.899565506986088,0.0,4.934934065629951,5.109896055765427,0
1.8310704374746831,5.358872826982132,2.936934021431231,5.841550348302164,6.331885229952933,0
3.051172121895378,5.20130265113047,5.672882752723505,6.680284801863348,5.1473220384478795,0
5.908953757747041,8.23775189989492,9.16846733060834,2.7767079903702454,5.668093834156539,0
1.178672425157476,3.5152347711738727,7.395128835758051,6.844952444864756,5.296012367686107,1
8.417002225643001,8.260887328367357,7.523281217226991,0.49452183112904624,2.730912002259348,0
4.431841534955777,2.214269089406123,4.357519690640432,4.792875106519351,6.0299141292895895,0
6.096693074563036,7.074519147381752,7.865895066989902,6.411194281080993,5.512561875868848,1
2.614566096680045,5.069331711581922,2.590252662558263,2.3222672389374557,9.517695930113874,0
6.879187559367011,8.317686197841283,5.689192878547285,2.7956241796153662,6.369169839135894,1
4.391699172897518,4.0595940061810465,4.516266027068151,8.20102202636824,6.844231844061353,1
7.821370698183632,9.23202788944014,4.367812422132476,4.32175558527423,6.45967827619007,0
7.920273346534737,1.548624999592985,4.295726743437845,5.077098816926399,3.2248533553789205,0
2.9324834021964956,2.5533929984721757,9.867753812762993,5.4618577097603405,6.8070111856054085,0
3.395525646059954,4.649735719908374,0.3565126726514851,7.258792561723874,3.9137159570196536,0
9.167473022398518,4.546095106111458,2.5825687352230546,6.406962657842422,7.477970148135745,0
4.588229857272454,7.022733602661623,4.968750162893639,3.2487405772606257,6.569109353572603,1
5.218626716959234,4.2161778172944455,5.165047168333078,2.8980102512556902,1.0965644972930253,1
2.777249522903919,6.602790239751315,7.310959415925008,5.054241404883591,2.864924889861933,0
6.726970526463262,9.491352140913776,1.766738499808861,4.834082768277136,9.255671353901729,1
4.853927133985136,4.2580591132775805,5.256953719106331,4.433113310571926,2.7922901072317656,1
4.023639518691287,6.056369881865826,4.67067324872344,4.659104563491914,5.38657536907537,1
3.90650487567226,5.45330347200669,2.0612836721433943,4.965039924982542,6.074036566121723,1
6.666962572245095,7.27890378218148,3.3163224370201947,2.4015302334135504,5.9199679999911385,0
5.7608361594261535,2.785079984213756,6.373757018695731,6.362997965618146,8.43842674582422,0
6.479199886581636,7.142533289054533,6.946792510978657,1.5501394205345669,6.229590384200064,0
8.602487636173402,1.6439474716636733,3.3806166763217007,6.917068762912567,3.754880484577922,0
3.984938938248826,7.770498015673582,6.8486711697000064,2.5217174364504245,6.572961034889642,1
2.5762955514786046,2.7222028257938575,8.62235731345934,4.950225940448478,3.661294101171396,1
2.933102048828798,4.504969616356708,7.495161932696886,7.241477563014776,1.475782049062019,1
6.034234916500394,6.015601494169827,8.100933977968452,1.454617161629804,3.877231295569218,0
6.289890723486588,6.574373870557645,4.179133310672994,9.027494275763283,5.138100796047604,1
4.544555477972244,4.319070970316983,7.661500784921215,2.6961131090446635,4.344599971343951,0
5.633783951994459,6.04047123267898,5.823838367663406,2.8178036915113984,6.2994123462727325,0
8.197687711373412,5.818700355887995,3.2251230314406865,6.511023712492588,6.499294404047242,1
4.542630786912669,6.726610389840557,1.5069177057280139,1.8955266990441535,5.652529146860735,0
3.881716901978228,3.2001545955251576,7.281643243624588,6.03336638241744,4.3583377846955695,1
3.2601712483740255,4.006950290550434,1.0497562690318385,4.715641776220476,3.6704622335500243,0
6.0330413928504,5.74426091394705,2.0532988811058375,2.6943543899174713,5.173086928505299,0
6.4763418811623765,7.505990027965771,5.3946070438262845,8.016140177532142,3.8844043779843833,1
4.40816340567583,5.376345787594025,5.101826901271029,4.400295282131134,3.7105356331524018,0
2.256285850507157,2.1758151122365565,2.9098804359486583,4.498188149010297,6.23623584045219,0
5.3483076383610175,4.246767556555795,3.8176736741557025,7.9860993529288,4.782818667575591,0
5.314667393651146,7.979415959672737,3.7497906402256245,5.830415907282417,3.5968900843447393,0
3.805441341035816,4.487250328684884,5.214943425498802,1.9574540183975384,8.327516928270203,0
8.128912045717048,4.980136829083525,6.088971715911759,8.021251190173041,5.165893141008846,1
7.662567171623374,3.8221538622538223,5.284134897434756,4.674593343043583,2.246008288895031,0
4.141023238763247,6.88284306860522,4.500742446051031,0.3057520260231801,5.6895107315418985,1
5.478088348109933,5.712970604542468,6.936526421118691,4.640423159722095,3.367478333230541,0
3.5033585442563453,4.762474920546876,5.307199222476075,1.9810106126203917,3.278662923873698,0
4.918179883169023,5.991268476539401,4.087498173684736,5.333959664982784,5.490573693731053,0
5.2968477777332295,5.764911017964146,3.602283210526565,7.726610454394578,0.0,1
6.263652464824082,3.6103336868818086,6.399938503433882,4.504205820078493,5.85368661675851,0
5.256808854357741,4.333980362372251,6.47851698335675,7.084587406323012,7.5033105522885855,1
1.1246216829858429,1.8617709232416115,5.6630900816126255,3.7347105137964176,2.586424272944129,1
6.264358939635031,6.15249773169212,7.2737803206099745,4.529348725439287,4.675215722111014,1
3.9109588917069624,3.804530973958493,6.026092756960324,6.40749104777308,5.148739381619023,0
5.121340947574364,5.985400710927962,7.370224792520385,6.0499506163268935,3.7573040781178833,1
4.042970434378142,4.273822952030295,6.501561634554715,2.515015823380411,3.6391171607217894,0
8.062048440346224,8.2366936360186,4.129430226595741,5.448298993932552,4.593721376901266,1
8.739026556943568,5.340084693988166,2.3676973992469055,5.42957380849092,3.7217903381615054,0
7.667441125251451,4.323005767712632,7.190529052199201,3.0298224404153355,0.09808042608098777,1
4.681780745382872,8.383768804562578,3.606496800303899,6.05090104105828,4.111622944103833,1
0.1549781431149535,8.207331269644595,4.653026827199462,4.9995093667963415,4.46168712277899,1
5.27987894260495,8.203293009578571,5.0362887471234465,4.800037665340445,6.120858869257009,1
6.0682678963046515,4.554711061238182,8.517086116035056,5.9167692323188765,0.6131624259256672,0
2.985517399299879,5.408006322108305,5.127668421432361,7.107903980531103,5.839224477075633,1
3.507020265633832,1.1632063412688125,5.134277610889176,7.074818019883337,9.625598954156109,1
5.227532628540222,1.4284797265363562,5.943348081847795,6.4336235991392305,6.1050636013914445,1
6.4139559713185665,1.8861512720148164,5.74287280862237,3.508172415692353,4.70543270509062,1
3.8614338026505424,3.0897212418101905,3.641405833804364,4.489195752685791,5.470687571110767,0
3.911623774021957,4.8043125237053355,3.6513997009916874,3.7836296914975507,3.47110392028779,0
8.827378759756364,6.143539499120738,5.261006418900168,4.581559595554674,3.7452870903577757,1
4.900515468526353,7.291050928589237,4.065119444742056,7.72312522411101,6.249611905912214,0
2.8463236445201674,4.35220115008476,2.610542015096605,6.6864561956110204,0.9002066359302017,1
3.540485452236442,6.313734121910539,5.772902693950174,1.75135409528089,3.900829188709188,1
9.530636188883364,3.604652226308168,4.916734579085811,5.433772259778806,7.254934578990792,1
5.004401423199578,4.306146635354137,4.0933305684895,4.451943605354594,4.105241518232601,1
7.082067798069648,3.117847982663366,3.997816815965588,2.438362662025813,2.769080709721211,0
8.319998614470508,4.722803363951491,7.675253624443586,4.297786073094372,6.353712605654983,1
5.922532896856411,2.8131234399814904,2.2626317914218346,9.00172858897785,1.8208185306657363,0
8.098461286782436,4.091248280711781,2.922958766175758,7.02670564142703,4.839980298012353,1
1.3386274338997537,3.680786172373506,4.68906094442306,2.6828258766958295,8.222021934994892,0
3.6097972903992446,2.889026774544467,3.7175011220571204,4.462967169215875,2.916802856809864,1
4.668062053629034,3.565697939521118,5.4871184857815765,5.0399113806529225,6.1186938518705185,0
8.564595932450267,5.937839987629961,5.176532352200457,4.872569096481515,3.1851687489864835,1
2.226615847039376,4.736693561676207,5.756093388406802,6.706574318195471,5.304318499480144,1
5.054189164949048,7.629605230549988,3.0697218078905424,5.088604793048547,5.50100054521486,0
6.429852091889693,6.031090294103527,6.143097759253655,5.97054215967156,1.020417915924031,1
3.312557082024626,6.16982022716744,6.913467295566798,6.05981712349246,2.0879975738227743,0
3.809816861779595,2.2469059975997894,4.052889152224529,4.885103776776416,3.620362326452404,0
3.9547529346540777,6.265989093978458,3.0844813639948683,5.26094014819421,3.837131349377735,0
3.151591934489379,5.320337395288526,4.4742996920361024,3.2689611871146727,2.6341946031971935,1
6.000196073934685,4.125426604997893,5.104781731270025,4.973614602347437,6.690869579454929,1
5.403319224944736,4.634739659707022,6.73474220177278,9.093989526279397,5.993786183811346,0
4.1272737476933505,5.60818425984521,4.393156048378183,2.863028596665,8.98963572373088,1
6.119680396607102,2.8301426950649806,7.568318986589933,4.755183882400618,3.080263392135302,1
2.859451377443867,4.7088361725273655,2.7596271832614683,7.112975004827705,6.965197021890848,0
2.516206772870204,5.685065876608358,1.8536040527458493,9.655183320632808,5.973359407833501,0
6.593608530692831,7.810052555372018,5.692970194044647,1.9126610252153928,5.071108600421738,0
5.00851464207741,3.8557915077410314,6.960845301930193,5.0970967678179155,4.221748814151034,0
6.434017908242328,9.27085721424872,2.1724235859974987,1.792656561100645,3.6162014359142636,0
5.661248892474507,3.7558806063072065,3.9688631382444814,6.349170036545005,4.431565628470359,0
4.988884172774858,4.405896924663371,2.3629774014309093,5.425793222790617,5.862522035256345,1
3.3590247417021253,4.756260929084425,5.77294306397133,7.584681741212204,6.880295152840247,0
5.4638193571877185,5.1791957687548456,3.8340055126674737,4.306505807758244,8.070565322763358,1
1.808440399683069,3.5498525457754986,5.64060480101891,5.938255789410576,5.389262276749443,1
1.980459795503335,3.243055060008641,1.8988553002100481,4.569458974506053,10.0,0
1.4279468827639321,3.85874333939923,7.39048561748378,4.165376842867242,5.384023839896035,0
0.9827019733702498,6.86466597530055,8.345768500848106,5.516365696518488,3.0710769923039045,1
6.919793400021007,3.322928215902378,6.874478849555977,5.333783913308271,8.59457064411618,1
2.6248641057873394,3.9472301556247524,4.127287764537975,9.762124986170896,3.089244763256054,0
2.7359388324593,4.208150009733765,2.5418280913858124,3.9808791984604914,4.192398878905975,0
8.388204184580424,6.819030294568505,3.8600334704135424,2.0736695389836304,7.262799916962921,1
2.104251967280875,4.615428203670971,10.0,3.2603231876922534,4.980109630873014,1
1.637646968515818,1.0544486421935217,5.601734435766569,3.1848867187393637,6.303358145085903,0
4.137602295152485,2.604180554256488,4.168154465371436,3.1224937146462928,6.797604086937686,1
6.87848291150846,2.081916989735413,5.892084267705586,6.288947980236923,4.04973844056747,0
6.459476134612506,5.617074327289854,8.431688558909016,8.520711979498376,2.077830910193331,0
5.120394749307327,5.027472917456746,7.674922597417938,0.6356469985892197,4.115116291769242,0
0.808422455892825,6.1740535151871025,4.563628184865917,4.428634829131978,7.784916921477324,1
4.049835217945035,6.672751822786493,5.836465306315842,5.0070341955911015,4.909201404906694,1
3.7848160735980754,1.9207592841873922,6.6658799613489,7.795463216781641,3.0923172013938993,0
8.498243426933895,6.9480506709802965,5.847817624391898,3.031085095704828,5.133232253202247,1
4.752535663518872,5.750464722027513,1.9516798695272914,4.145492582190804,7.210023710333935,0
3.101308789945504,2.124061381430115,7.530762984908261,4.466027998079113,2.076615116216404,0
5.178617372285376,4.334995230103242,5.694438106750084,4.281924942396446,1.9044329132347402,0
4.65325867261558,1.6831943955165531,7.762103963518638,0.9160453969166626,3.0174375169136636,0
2.473910156231193,6.415416951316765,6.793956652224757,4.565966869124291,0.8696635661640633,0
7.132940663870236,7.572349062877537,3.6999065112697203,2.9089785199007654,0.22302686605430555,1
4.551886407399044,3.8081860406923287,2.1699879538803897,0.0,6.031145001429542,0
3.4554973964830555,5.489834185144455,4.748724894080987,6.374140176215451,4.450837405413704,1
10.0,4.433774302647632,4.752971324957374,4.032973140580894,4.8370649641664905,1
4.04599636487494,8.714021697081696,8.512743277231499,1.088813455815596,4.409737392120476,1
4.216482001309926,3.5352286926926286,2.9654098942441363,8.055380258885389,5.040218521757507,0
1.574791697183528,4.584797131209775,2.7813515117916348,3.560760584645987,4.476700796542694,1
5.943679856585283,7.050394819937267,4.8506237539520995,6.642294488586825,2.5855957107447067,0
7.645235032781425,6.1016785142227254,3.87217260451797,3.809830836308132,2.8866878168831094,1
7.289430701289993,6.131827212636734,6.500904786034005,2.5305285534447712,5.561954871897464,0
4.688977497298851,4.894042884957279,6.261574017985933,6.811019002286651,4.874651984623459,0
6.240955402532343,2.8429125843082783,3.6544052710095807,8.21388415747937,5.956148658202345,1
4.999414528252989,3.8651757875193993,8.358465845813733,5.747054156092112,4.8538142932765345,1
5.6622209098953125,7.545797270268851,3.628178871350449,3.836148705338962,4.593205958332411,1
5.192782580389967,6.176680043609947,5.124858043482525,4.71298458226963,6.080689723469779,0
6.001314735889879,8.56965823557394,0.9645688108697001,9.757056590475766,4.410724621462944,1
4.588211840878327,6.29474557025701,5.396134855603687,4.40406413510784,4.286266756011512,1
3.065775598541396,7.393857842517388,1.6128868980999775,3.0866077028514747,6.4392996461687675,0
3.2815072876198697,5.74028901628877,2.729583705640704,7.303988704224023,10.0,1
5.443299754719522,6.443596308787061,6.215815372326269,5.747467399471616,5.370313983489648,0
4.322518358950781,7.3559136954153,4.951701734381736,5.278309796400521,3.426231963246094,0
5.650872466258666,6.884331026465976,6.006032993480286,2.4714595323349005,5.825651237169426,1
6.675298958021335,4.540277175253115,4.348451898188454,5.394519861654413,6.741770450178203,1
4.3499785589794975,5.935140035777859,5.944290516368607,9.378535959607504,1.1841025485260839,1
5.296762422893738,6.596022402413431,4.400500965788215,4.5688267072151305,6.897662960368242,0
7.871810092518443,6.964276553288414,6.497718227586803,5.913596264800961,5.767857911200433,1
5.202322838691808,4.090258215133534,3.2120621299076593,5.638331593421171,5.1709203594985444,0
9.82527553868755,5.138138451034671,4.508998387693704,2.7733313229764014,6.822947645798961,0
4.369202710150984,3.9427185026719602,4.7799000923615464,1.608939656371295,4.422661764671639,0
8.331897001025968,6.417041864200288,5.097130922626082,3.28503549615387,5.966668320836519,0
7.651583835161722,0.748349981279179,2.60534282991867,8.780330098772694,5.856647251123949,1
3.21320657806949,4.560220660405594,7.223024694361417,5.428360265054465,7.497484257482883,0
5.713447352614528,4.4045532030269605,6.710451987741652,7.694287871849036,3.635991879091642,0
0.9437599752518961,5.526001164862029,6.4465859134755386,2.0075344680068796,4.923097742551677,1
3.7652895788004646,5.8319914597199745,6.1600902187757836,5.019510003960567,4.770268126158678,0
7.439874617083269,2.2881646154343076,6.389769907885,3.512841936397541,3.213824762891479,1
4.214647770442189,4.903853441590076,2.7811576782783187,5.187080808105006,5.445376643114883,1
0.9213291931555627,5.4084328016977725,6.171337400723468,3.372017703615734,5.758208932215717,1
3.3934966770351522,8.52837062354127,7.464802904180528,4.339198421947951,5.457494271251373,0
2.2961822386023947,5.740899440688329,4.820584054293966,4.856714550134549,7.128060205155277,0
2.7818603977457546,7.72799047050381,4.850635775231348,6.00937049146701,5.352506356902699,1
6.908758669049589,7.1672108624949695,3.1851033422367108,3.834570348090163,3.6079331264395815,1
7.04806332925575,5.397290187150546,2.764207998918428,6.0670782888446855,4.086900113713395,0
3.0956369068637213,5.434975719945412,4.115266658788422,3.639360455883997,5.562587411729311,1
7.53842110197468,4.660463596652996,3.3546989139309575,2.8499055131962834,5.7742213403350355,0
5.1234134226997075,9.072349594440642,7.809228952548665,4.4295075241359045,2.344920131785652,1
6.342326353948871,6.340580197826429,6.690677473547982,7.011318835072121,0.9999721470109693,0
7.188494375536436,7.500025688619621,3.999091866931309,4.574560937035547,2.443089507679221,0
4.264836224789539,5.516482611703779,4.715191233504519,4.395428611839485,5.191677990343919,1
3.886449028883888,4.636450522542988,7.232964179946894,3.3055751252763246,6.5151678886622335,1
4.298838219721622,4.91074330385427,4.161033098020427,4.6904056959608855,2.9965807752148845,1
6.027307015987936,0.00930359800327274,5.178747078771078,7.575878434247027,3.399083454594235,0
6.421060895051057,5.198702982073673,6.22585597953552,3.3412906197020136,4.8173912050758805,0
4.096423550910298,4.622505809198021,8.831863640324725,1.8743695254010553,6.1686922631347105,0
7.221780504512465,4.170381703712756,5.250973749855032,3.7794108005225526,7.032705893182445,1
6.064934530169756,6.448460680459347,9.260872368650002,2.622459866665918,7.381586803455305,0
2.798291283813799,5.44921650806392,3.46652433226064,6.591035430731048,0.9206671378213409,0
5.71505760455825,7.246509609554147,5.803903029571339,3.425646629957893,2.6534468287544555,0
4.318849958512125,5.4918770985366265,4.3343685762882,7.356523490767267,3.906086388612357,0
5.732625728126233,2.257042806843225,1.9984676722300678,6.297630569371387,6.743210032320119,0
4.408855335847054,4.115752748451153,3.1614117738774,9.388301203962797,4.6526124751662294,0
3.502167328978068,8.352694089538124,7.013292206501584,4.215998563423357,2.2501548795472175,1
2.719810435661913,6.763699578622264,8.46736368259358,3.2827864959708695,4.65596731376439,0
4.539014685632565,5.867373907121658,4.045866735100154,3.138730057900986,4.4692776914483785,0
7.420201493835595,3.826522476199518,2.5638301866889526,5.906881020555226,7.426068889364171,0
7.332770661052537,0.0,6.964948622751232,4.671868269308604,5.5845238318853,0
7.5092543987542495,4.33289976670407,6.432989494011742,2.309325366101941,6.219229827468496,1
4.106711248921769,5.238344519287896,5.467315742050236,4.2983251270275815,7.386395292251882,1
6.029345011821283,9.612157820921595,1.783664486527654,7.937159601395155,4.1993306737028355,0
7.234775390283456,4.462982060947539,7.809493740387758,4.096595457176231,6.764459439950616,1
1.8369564494028996,7.250993687603561,5.536383386482718,6.564455214521587,1.1021314054572051,0
4.997778725922546,10.0,5.188947236527898,2.9541422143219274,6.969337198798259,1
7.021664247965351,7.491341084380425,8.103342841746118,6.111711480660556,6.54256540569291,0
6.719420649741837,4.694284905422096,2.219577897257665,5.187444561363834,4.901509746330727,0
7.366624310810366,4.083938909171412,7.112256109976704,4.6224759184533974,2.2069637610621595,1
7.612786476351251,4.020041774584431,0.0,2.6313538945719377,3.7415370749345884,1
6.73754537155236,5.580827064852655,7.488933156317278,6.032231838006913,6.396354484972165,1
4.278001956168864,3.1105677363059874,2.0458158279654013,7.177735568022877,6.626566892846771,0
9.406823375170287,4.393799826885165,5.7480264918452475,6.6565563851045155,3.83495989425745,1
4.211974369775939,3.4295923332934883,2.071830943325631,2.185793786998631,4.0088385180315385,0
6.754250103248892,6.449650790141866,4.356649707749539,8.523908388433748,3.877114062347987,1
3.4334568641748646,6.177736692852051,4.516220756247183,5.204416005418763,4.4885700630002106,1
6.083583214821198,7.464178538906928,4.62818098029648,0.0,7.405348439093432,0
5.662335120199859,6.006674251570221,4.818332628171045,5.108323998733246,6.512386595652818,0
5.089898253012421,4.908949698481409,7.07741092355953,2.938587515417363,6.486337243862575,0
2.371140821154492,1.6129497671344222,4.842974287335176,7.76430552310972,5.933541223900464,0
2.23625786893397,4.653228356946379,3.8716911011756143,5.897497498435024,4.3507027127726285,1
5.46839795740839,5.345290199165306,5.676000655775623,7.815196285681301,3.566191091512935,0
8.576962552601215,6.666466803368696,3.7703209805878846,3.8825821772525453,1.8741730852619685,0
7.534076733803017,9.879777269439751,5.898087930433663,7.590896965262312,5.605257925258764,1
6.364954456239662,6.058511565014951,5.2365365410584275,6.170843895943574,9.69617709351144,0
4.382592397611784,0.0,4.77071557949969,3.5207355353430194,1.9082200366047393,1
4.134447816979502,3.49128315411535,2.7912946295992462,5.575791804726068,4.296871530854209,0
7.045225079570323,3.0296185274950025,2.621327261731007,4.588748070066587,6.344163812450195,0
4.034332934304834,5.423346527871367,4.378410533770494,3.4978120567576667,6.762137262489501,0
2.948298675692191,3.887256398504122,4.090926710296215,6.729611428645811,5.030545545707208,0
5.1726258477210125,6.03424989795465,4.6382910210675465,1.5189325766780204,6.634547612783859,1
4.1986070202758725,4.882774847860843,6.151396914918084,7.486162640758801,6.2238607465878815,0
3.4611744425740953,5.103007216632728,4.948128579953814,8.610154606426129,5.141102257713536,0
4.749309435016655,7.7111654977185875,3.49621510737383,0.7025968374077847,3.4720231169927,0
5.721674833251191,10.0,5.872237555055556,3.469655910538754,2.6806626999487646,0
4.384246985204802,2.6571882170625813,2.5807951888112313,8.47892298513063,7.471300423746335,0
3.9824547901696294,2.4994532668115235,7.332034770896405,4.252076312187245,3.523991102908421,1
6.607208609764954,3.6968679035376453,6.261907303362065,5.337210294689966,6.4931296201428506,1
3.480520114880031,5.144995309734967,1.8459586119967897,2.979167315118531,1.805449269704765,0
1.5341233812633637,4.460156519673028,4.0140375272310775,4.986867593018096,5.393467735710965,1
5.606400361096535,4.827805053362253,4.971031018777203,4.031809418148467,8.63016691407097,0
6.410896070027632,5.8918736446036934,6.79463616540312,5.239869932412838,4.024039370678761,1
5.017546335211231,4.815772201702131,5.442904612704832,4.623482899561834,6.251220541815007,1
0.1015727514981224,5.779035820863056,2.9381581938800108,2.735239908554868,4.601533088754087,0
3.5152873906547795,3.8431293917557854,9.135836301148837,4.532669097418183,4.520053530513875,1
6.046194080695315,1.637891330020972,7.428810477339977,4.730951122537274,5.762601870911987,0
3.255933398329011,4.965646688680976,5.369419424813801,6.27583415895603,3.3864596252864922,0
4.420196465584172,8.724732706402015,8.760356750582206,4.793918885387584,7.519925465693216,0
3.7223845927948176,5.791764934481652,4.546778224797915,6.718343712024903,7.641810434636756,0
5.223569608789674,6.056461061530268,7.491456242826769,4.312296488321241,4.519685790751373,0
4.848975440539951,3.9848828902479614,2.240822119027171,8.771296093835215,4.350395676971615,0
2.9788064355694717,0.7017289076934841,6.745842771183466,5.770691539722638,2.442043462091467,1
4.817187344308964,7.404252282416367,1.38183844891564,5.857942664055124,7.566468700728834,0
7.640994447151375,1.9345665918724047,7.395357074887182,5.350761409123173,4.131019916943477,0
3.2155408475739815,5.034438498984384,6.542923970875404,7.32408108681355,6.076296151110887,1
7.480020638048038,5.805358121647105,7.648699276573045,2.8553391004930972,7.959521578037281,0
9.116927594403677,7.025980030413125,5.673152437532787,3.165940726202704,4.440740642998033,0
3.2401991983980793,2.913955932000893,6.28900888118233,3.5778530807628477,7.651387795701744,0
3.54496068929258,5.189567378108145,5.34139165453739,2.3582367045731383,5.857283162391933,0
4.918729441475594,5.912541839213299,5.802149019943871,5.647640028815702,5.312819734636841,0
2.9862277097889716,4.193282981656499,0.0,2.112291587626474,4.906117249975562,0
7.3109436541957775,7.289535126572991,3.3611721573211417,7.90275375742444,8.768979736223814,1
5.908829378477202,8.797611218514232,0.624497971639018,8.910212077438409,6.74793583810225,0
2.1367502500164606,3.4144053122531863,6.895510560245874,5.5869447169140924,5.8119902151452525,1
6.482982608625092,4.204053063790471,7.162948493672264,6.440202170866409,3.271539906196898,0
4.606432793454371,7.052067597778771,4.17179575744466,5.574428963181706,3.950557224336282,0
5.415327698286411,1.9136143665215495,6.701928293901495,1.0695156738622247,4.598101618531969,0
7.250323967169415,6.014669778526042,2.9912418971049872,4.801330961698711,2.3722601121307783,0
3.6263253595180744,7.418439495874825,6.103532572634425,4.668570870327121,5.28919501795387,1
3.3595462783620853,2.0370786580770437,3.1705154377131493,2.8528131387728424,4.137106908104226,0
8.072315080521603,5.250351698912226,4.985975394471664,3.0902916680190056,1.6488913771917768,0
0.10524510190455771,2.2166688577639624,3.8720512892964565,6.782472527606657,6.6927791457826125,0
4.842442889743949,3.4763471354167232,6.629901267247982,4.413570258516366,4.396209134526044,0
6.371351954862498,7.330679184870932,6.308647886525974,4.666949661297765,3.895726288063352,0
4.990411373113531,6.4151389686136735,8.676879506037,5.684159760525168,5.871350883846871,0
4.443959356416652,6.767652798711899,2.3407015692001254,6.85603248944044,4.8639132514984045,0
2.4484136614258336,4.3514045807611454,5.559654257078559,5.346068933774481,8.481778349353927,1
4.811542192289841,4.574149449825171,6.6510723008193855,4.282688469992953,7.101543157952762,1
5.350244532984718,8.08106989498635,3.77551905323301,6.3128537477166695,7.757049832330967,1
4.588189810415486,4.092696500310016,2.7811341255463082,5.899792756529556,6.922096967049861,0
4.821298092986856,5.542010138286232,7.040786010992365,5.569528753165943,6.823962780296236,1
5.609271608660969,3.566799115376158,4.5057867555918865,6.387260088299438,5.653128235308671,0
6.0472825467809885,5.915437314045701,4.353507005176378,5.825859353949768,4.893312483052159,1
3.149744096266871,6.152305442299554,6.108305152455507,6.934507263979474,4.739075606058444,1
5.868102942295853,4.13273910652623,6.101938269017125,4.211929269324058,8.471110330785738,0
6.143489912672089,5.323568802149998,5.709461582257174,3.692631082274914,3.641916924262289,1
3.4518936565380587,6.073879488980323,6.668541778142164,4.145261659189186,6.686394422099083,1
2.874689994582357,4.5268099922147895,5.830681167888187,5.394158052539361,7.191796570927826,1
6.804350409286509,5.410964110709387,3.6162856012085807,5.029118276617072,6.258237460155897,1
6.956486681683192,7.0073389464291225,0.617588878753482,8.99326200527807,4.903672244312392,0
5.574486578662955,4.275382588100177,1.924073207331412,6.040125977114635,5.279482905997013,0
4.168823449697378,7.318895385156691,6.57245976324125,6.675166207435738,5.5069353981062505,0
7.121490347376063,7.632143550476708,4.849729551044716,6.459435247744995,3.27448710270695,1
4.429348558974757,3.2003017587757014,4.3821158408248,5.878964543100161,5.606240573171834,0
3.9823967032306506,3.9350236924716064,7.228007461708966,1.5548261816406046,4.841223646984328,0
6.282012687998557,8.118448408863124,4.772998591869673,3.826761120422434,2.635972702800951,1
6.915328504002622,3.3856721072327116,5.864379464951982,3.7038612605703953,8.330007622197146,0
7.36207643206904,5.2572533877277685,5.074022225158794,10.0,5.621441210167228,1
4.051521871865886,5.427078753453851,0.0,2.563020251602452,5.253259479297459,1
4.574551828420644,6.223900484850192,4.798901095083282,2.22127790878921,4.305893902497568,0
4.322469518408481,4.84691290592671,6.578696196561754,4.676804248889764,6.956079625908809,0
2.8447175985807354,4.546725263003516,6.550913266120359,10.0,5.197034824064478,0
6.071645409957579,6.860207441171813,3.1039424250332353,4.32007054888678,4.958753074035729,0
6.796031744761511,4.9774812347735855,3.2360739763753283,5.558115505045755,7.868354458659908,1
7.344274502255453,3.0250824062636212,5.335420807513137,6.356711177957562,5.943938653808694,0
5.4747735261761585,5.127030322532018,2.6603484642906876,5.021995638378559,5.168836215321284,1
4.272543924602404,3.995491377563886,7.381957656914333,1.8238758090867426,2.0861425347425824,1
5.778893043360682,8.049135861286768,3.3373801417577766,3.7398567071086397,4.5189167669615005,1
6.6284679235819235,5.654272779370922,0.5483915362063758,5.260019822849687,1.3968336513838375,0
3.4200609555220742,5.906260862483126,5.3587313662938385,2.8813528602941028,3.6182692612081606,1
6.000481534812559,7.6635771552443455,4.1735442779559495,4.108245971224733,3.6244811063069857,1
8.752188979710823,5.396515842025214,5.172204998542598,0.8763807031163235,2.541531158541316,0
4.668646469862068,6.997783883156664,0.0,0.8559432015299784,6.529694880668573,1
7.6729007073777,3.585006474161523,2.5793195092977386,5.615129165848771,4.500787984557153,0
4.362554411121428,7.826142775667679,4.669573014662399,3.8255345578748203,7.500591872056029,0
6.171110314045077,5.283217769125866,7.596535993407445,6.439337174143734,2.916885669746152,1
6.183732460574179,9.914309046241446,4.8558722341912235,5.27665139078399,3.8902790703575922,0
4.640567605439597,6.182652666591555,6.640831389116844,3.0572411083854982,6.165332883287341,0
7.178508366648552,6.876704078239749,2.459012547847673,1.73808711020467,7.31837037042652,0
2.651390312693239,5.9168214859306305,4.575826310050587,4.8289155027182815,5.921729967863472,1
0.5500608451416245,4.253384690307757,4.164741408760741,7.002560357109973,6.538112345361701,0
4.84973901956922,4.6436462511239975,5.740422147601574,0.7847599482915566,6.500632392407796,1
5.0474650612342415,5.08652092987494,1.2565236892863774,4.020823963253438,4.436355238072088,1
3.9225876645627826,6.590896035601375,5.030456741267617,3.381847132103868,4.968922517872345,1
8.010189990265461,5.111900567308702,4.5277753015037545,1.0187766591747223,5.59596920143221,1
1.7745206523837584,6.897801761367691,6.372646963628899,6.447568572569095,4.927794524428975,0
3.533815112887207,9.336865898286494,2.991493861316455,9.621304162108618,4.882320097371883,0
1.1954423633124698,4.960407864856732,3.73079550710826,5.532104608132,3.5267103209523714,1
4.314338862974228,3.5100833962414124,2.2577191259404854,5.8759847444362645,4.711018910384546,1
5.05038963762771,6.914071835437861,4.70618692297181,5.476982042990904,2.9575445141212793,1
4.26101389818338,7.484587424624225,8.900708290193052,8.604892927421021,8.65166136621931,0
4.043317269533002,4.279255856242582,6.153059131912382,3.736680817110963,7.057597580765696,1
4.955590772290989,4.636172424136372,5.036763665207336,1.4917707948098502,4.676939384648785,0
4.091405528966683,7.196582920070307,9.693542165981157,2.9262534929921054,7.408417996454164,1
4.903639170260826,5.120591904822502,2.897215062633994,3.3498978786158724,9.366665393128045,0
10.0,4.588829349587838,5.988952682267816,7.766225257454193,6.914955142998104,0
8.324914738036036,4.909145050620422,6.223530764138966,6.1575023206563495,5.40459565451789,0
7.087724429694509,6.195360592011696,7.861203425312938,5.166232485721195,5.651386312982646,1
6.021143531781608,4.7642438154437,6.896126120357415,6.716736349172562,5.566346089164343,0
3.6013841629820127,5.399220622273168,4.236749795284468,5.1061692597627495,3.8689171516345797,1
5.5681263334075375,2.757017854773654,5.68701133221928,2.7655542542534497,5.413753216038459,1
6.454900124282476,5.0683650295218055,9.288501805096757,5.6601837456316,4.164640679075337,0
1.4628817457015977,3.7668637014645663,2.334274926950279,2.7744969236911543,4.880865146087237,1
6.915673202938227,3.357565983323087,5.69478679443149,6.662880949755009,3.3127370491193435,0
7.017879894336659,2.658699199013907,6.650416663111474,3.8330019088548197,7.8244319567322815,1
4.0443637085133455,2.865546259836352,5.0594445515528,8.17888334230826,8.063296212505643,1
7.252347266297203,6.1242595777759234,3.6469281515868586,1.770430579139981,5.7531446998638005,1
1.9802432637153387,3.706750638477768,3.573784059998562,5.481710130980705,1.698980162084716,1
6.370492904645275,4.959253314553914,1.3254504827173914,9.642512231043131,8.029818850725736,0
4.142380489348407,5.395574247792099,6.647549370666607,1.9804699092441522,7.005432091566913,1
4.2317409848546355,0.8995375182193897,4.8063345711019085,6.650910182049462,2.5486049367965675,1
3.5367830341610667,5.650919414026585,2.4594574001218574,6.080755555470272,3.620871446341033,0
5.954287543908912,7.219030360147364,8.452426527951602,3.458945749024553,9.326574549365386,0
3.912610887849085,7.10601078244359,4.642925430855187,9.09262232916566,10.0,0
7.059076350311255,4.910098900744472,9.454572059138748,9.503131649377764,4.654668004784902,0
3.3243065377025003,5.888685655114835,9.167717830940079,6.083276055148666,3.72723459804232,0
9.150662357552616,5.85919421043435,4.941146939330174,4.414421375030589,4.587826571461036,0
4.240202218080462,4.3378527820592545,8.099494441037047,6.214709366256358,3.6059055302657574,1
5.5820649161633815,0.13701290447766912,5.929074205699562,6.97315721547408,6.994842378731207,1
7.772448037451045,3.332786774397457,3.4119381656767667,4.3619704137248005,3.7672317294539477,1
4.712747780158418,4.4639421225274125,4.8143262768824,8.433969886640046,2.399106484080298,0
6.710980865468413,4.8892579998124726,6.27748433956555,4.4091866642918855,4.549116119765326,0
4.628935159010679,3.6946394009922,8.246196944433514,2.095091088511487,4.465679069158103,1
5.162228392507889,8.105863021206382,9.121032642657074,6.7240603882920915,4.329101191837174,0
4.603775014348186,7.159708132842385,3.7798350821717426,4.629764446818157,6.595712859486774,1
4.519237543539852,5.399790329784175,4.344240381822711,8.911783045206162,3.75328435771759,0
3.3667757440040376,4.240554484033433,3.0563729543501035,3.5213315503835068,1.6077215690200037,1
3.6001038883576943,5.610789283330718,2.6064095094866864,5.530361460689625,4.880203307970855,0
3.6508824761587766,1.5771705006533576,2.419000411961798,6.420057608158757,7.525041449415595,1
4.936492447659798,1.1871061707696122,2.2605978498313615,4.63279112574277,2.9201745453312538,0
6.161087733975931,5.078579248552724,4.385095482024159,6.736686867060639,7.614803127432016,1
4.016149604109596,7.690032242055631,5.405500909766636,0.822729612953049,4.645192056188385,0
6.199655083729042,6.713685149250366,4.933640289973394,0.33657955619856583,1.9523928224262659,0
4.86607549682735,4.9357702316656935,6.478421265976943,2.244127516624472,5.292456111883914,0
5.524407542000532,6.13493564323031,7.092848848063957,4.42662845087716,4.032049663149586,0
2.2408501137346093,6.981361833042545,3.5900124039518087,3.458924803056317,7.9827407276204685,0
3.634705237432512,4.535524588478489,6.095466751228364,0.0,1.8177849936914048,0
6.658702067461955,6.211843940928636,3.532748235125968,3.757832115185428,3.9891444358255477,0
7.728449260843852,3.6109035205811115,8.150572250592049,4.691674070857348,7.299256469422984,1
3.1105965652077745,6.345296041674535,4.346032008222596,5.066321647950097,4.362000800249743,0
6.568625867829097,5.564268287750221,0.5286315603756595,4.168280817726536,2.3925765693168426,1
3.4099421640530894,5.632400292651094,3.4882794358652145,5.183527119281573,5.428759890460304,1
4.930010429461692,4.291248788280775,5.536708900195414,5.244425396188194,4.555582985849326,0
4.806271865220408,5.342064268739086,7.33093974120705,7.0637633713257,0.0,1
3.2491728628586785,3.528046831912832,1.5649317986493685,4.586771357432003,6.565965979175337,0
4.4125481050137285,10.0,7.218544552684014,6.285404588717089,5.899471575381941,1
4.339990741382962,6.0809405853090315,6.151828847470445,6.2045742891267945,3.6843128971086614,0
0.3772141679622525,5.077105024431479,4.505234085150557,6.5016754777041585,3.8880048400958658,0
6.486304625651106,6.499826912473582,8.009486524955946,4.213470152739192,7.857369305804253,0
2.8752487531887647,2.093359322589982,4.073603809211467,2.843883847197983,7.512390957695191,1
3.7162452777325314,5.733071619592117,3.5485858793118026,4.626129287252877,5.704658618111954,0
0.7409892074810056,2.9408747699522526,9.242147730710188,4.790055442653403,6.8855122855598845,1
4.269056000000866,3.4001803282108485,6.439444003226744,6.9282735393068915,5.470141707245131,0
2.8719818498300693,5.664115628083413,6.394476153826306,4.2065102912007575,3.0691598371420548,0
4.264187140278487,5.687144667895538,4.683443636126551,3.2672231593443533,3.0712511907835225,0
6.26510166218483,7.601382084667831,1.2670401967722222,4.30906102790189,7.288732287215371,0
5.277602723747261,6.437998061674795,5.210514795687426,7.20698810255615,3.761138507275235,0
5.285107963069093,2.189795834572766,6.744967767458501,5.290537239786821,6.652803983008913,0
6.327288515480288,1.7384253122745017,3.0649365828873663,1.3692659097306508,4.816321981581724,0
7.052548550854748,3.4630598088151086,4.3427907945320765,8.220784087284784,7.552193115011297,0
4.01239327873966,5.464979962055899,3.036551275412517,4.475337155725765,8.271649620850951,1
4.33786912970805,4.958848009701397,4.986657445485611,4.31480464709547,5.2852576847636294,0
6.4638592761598215,6.074931985841621,6.404423763807373,7.695820176289155,3.393071915152272,1
6.421311938634566,5.9745374239146996,6.923154771801785,5.4704848982042265,4.677753202076737,0
3.1542496451373943,6.7250695059783,3.955109231530596,4.582669920196312,5.532663952881227,1
5.492039659462842,6.716560266132092,3.6909624813427513,1.867068201419464,4.437847871522844,1
6.821414429772988,7.073581503745384,0.0,5.872156872052564,3.6138754805451567,0
3.658581262677776,2.8034079042003652,7.958198714015644,3.5587714133760042,2.3226645410223976,0
5.9727012213133825,6.1409803618769345,3.9095422187608966,2.5744620818455157,3.2121505249275626,0
3.5696285974999515,9.180036763776814,7.548589680310557,4.616347126612498,0.6648769164079757,0
3.8573784938420292,7.75851494177776,2.076700617871644,5.576136816102815,3.7724375815164697,0
2.07350263726636,6.950501038594776,7.237722727722493,4.761733016423831,5.2946924919989655,1
4.606413516457919,4.976994000618264,4.7128794521797195,6.447644756427076,4.471334623567575,0
4.99217931764014,1.7263794942254163,8.49648887295502,10.0,7.503283639843059,1
5.251461780477632,7.518056684836976,4.204020811577107,4.60907776514934,2.0290386890345875,1
3.876313157143545,5.108574957219568,2.3018575915588735,2.1345294708262528,6.316235891731663,1
4.396637400986419,4.538431659812168,2.3297364282629838,6.515879105237506,6.3211936236540325,0
3.923863934015284,3.3845389732204354,4.650389955116701,5.741883723890009,4.260759066362402,0
9.447977180980807,5.247267989156431,8.186958320028728,5.431658266050399,8.185123696332944,1
7.392256329585588,3.524708804755732,6.5197227442501955,2.6236465159550773,4.750712035653778,0
4.367714742912432,5.801420608325575,4.64696058522113,4.288833417594455,8.915664228640402,0
7.492817055488768,3.455476912304359,5.500258125729944,5.147061806797095,3.3066869472714036,1
5.004477619800161,8.47537396149518,2.364322096207512,7.960594969756565,6.025230369115532,1
1.75301167765971,4.906364982022148,7.729876547156728,6.4003320950161005,6.112287385063857,1
5.54635595636231,4.9372376955846775,5.3748458388976825,2.174289679375172,10.0,1
3.1499896159358727,4.683372478428466,4.822606314537589,6.7186611681434805,3.614342672712098,1
3.6466647418375615,4.121083377549419,4.039999249758377,2.076689327128562,4.084455933981039,0
3.6441961644594354,7.02362187030644,6.300799567891806,7.52612245935417,6.569355677115281,0
4.074253245486664,8.11906534713175,9.098491660445392,6.709244360844076,10.0,1
2.9124872034549796,4.408234615860025,10.0,6.52354563640457,6.459672166213578,1
9.021796768274099,5.515561134846795,5.8087539518441345,7.188014193034319,4.931228488326953,0
0.8030837217082167,6.452279630231321,5.122564877326961,3.4077007259367127,6.218204709747673,1
4.6262761462177835,5.53145401975126,6.809802172157831,8.04781072640122,5.650313446528235,1
7.067615684594358,5.082110703646858,2.278540057723615,1.9933728449836963,4.420602839855614,1
3.3665318302543947,3.2513770881148156,2.715667030025482,8.149125017983867,3.315481918671617,1
3.426395032755356,4.983904833364098,6.102756589186715,4.121841390161916,7.09499210457863,1
5.031051170286434,4.20988566040569,3.82319382554304,6.92039205156906,8.36915677551687,0
4.94107018395727,5.229216382319714,1.1409162157576538,6.306868348838985,5.128696472240595,0
3.253417914325792,7.62336675693598,1.2823269088792282,10.0,3.9073707759606835,1
1.7331733203111446,5.056098530681172,6.517240750258794,2.056984521245402,9.983467276367755,1
4.387111801152354,7.925221806035622,6.031710495339215,3.352099239817323,1.5188296257552225,0
4.183182422893287,4.059659264949381,5.767915149289623,8.606801353632779,5.660162335614113,0
6.104090819588407,1.0594599102074604,6.8049401580785505,5.505450456465462,6.909951234993052,1
9.189124679120106,2.6254408689035724,4.610466803077479,4.46040453389684,4.965953776264732,1
8.100917514391828,7.685482393616388,6.885156870488274,6.9838097602696845,5.93333459340935,1
4.950336153222738,5.90840468280924,4.06389589852827,2.9276954384877882,5.722264450497999,0
5.090345512924209,5.424414460454763,5.2394781020636465,6.055065672081145,4.857367856114271,0
6.228105906678527,5.120785068887959,2.9618273320734243,3.5101276996135633,7.59307154333081,0
6.745629885863076,4.16293206121666,3.2005176831169333,9.537754268744568,5.506182226009404,1
5.189075156556483,4.560916064192597,2.2571260592792353,3.1635775247711972,4.2358352931781695,0
5.1064847762223415,4.344580424578254,2.969311003469063,8.133905679072896,8.87674171639451,1
3.896249109382057,7.0754293780574935,2.7711446727048425,2.0137228398668876,4.893609818579931,1
4.38012374999885,2.402418898566922,3.4382626887543015,7.9971174619285605,6.96560823310158,1
4.2741367482772485,3.3392267492672705,6.333352029078578,5.052911343476857,3.0486383535303676,0
3.9096741418538645,3.9049196932983485,6.489171257085749,2.5596646031060803,4.03328509097538,0
3.594905335083798,3.8787113077696995,7.264241736519482,3.2865032090863755,5.667438023718774,0
3.0312107668610686,0.4834267231942775,5.774748866246347,7.838021700593622,9.014792965514893,1
5.755214371680213,4.847214316172394,2.466059126156655,7.893800382264789,5.9010391647397995,0
7.317893139979619,2.8159284045684903,7.47733583501024,1.5996636180407249,7.036054257581249,0
6.176678308963733,4.05653843993993,2.424170490971384,3.975790778871557,2.9499859562784883,1
5.964285870259866,7.377529149180451,3.3559430983209406,4.3039904921959575,7.130426903425272,0
5.909964740098852,6.204774830527213,4.900924001983869,2.313255107020287,3.6364772218247525,0
6.512060874342626,4.8729174698457385,3.1232186208498973,5.095515605988289,6.648663150487987,0
5.414544675095808,6.435403470805518,5.29300025455724,0.22757099982674855,5.607345669732948,0
6.0927423004014996,9.178668445997555,4.0830070039876425,5.88565450388059,6.951619535717574,0
7.220750199111296,8.211975059883063,7.199668080021741,2.2524268076617115,6.03342026618119,0
3.642380160789334,4.507854691882696,6.485237567851922,2.9862795883264206,3.623477313502769,1
2.1159262504568823,6.951552133661416,7.4096208010974145,3.2987185110551343,3.8876446351005782,1
3.6892967221359654,4.379421950686444,4.5175838080491975,5.954611326065142,5.010547133166876,1
10.0,8.317254633436567,3.4518030022161845,3.0631873819570616,5.5761790391092045,1
3.4038646088330466,5.757175262924548,5.436308181271619,5.880949844874688,3.928697494487036,0
4.596735442082353,6.28873325886611,3.4548728998438163,3.142611928143867,4.093881938380336,1
9.29536545051803,4.960505611278601,3.4684015942300146,0.0,5.68758072593728,0
5.159771648667785,3.519540586863977,5.264824792057612,3.8659381142166294,6.564674027579585,1
3.9228062834352313,2.7564828753675594,8.521074587812773,5.345821198709156,7.00065493966712,1
2.514973278845769,6.863004653396688,0.01699549488365637,2.139023403295984,0.261693376325252,0
8.59850778319425,3.9513438224193744,5.040154406188485,7.516976928461508,5.648401694671049,0
5.037563425008677,7.154778122416195,8.674017591591857,3.679102044598088,2.858229122804331,0
6.998080141874998,4.996175304087521,3.1837881012465257,4.656511298506778,3.6830102516954506,0
8.965230313066302,2.38697866433359,5.732734113031029,1.3046354440068955,4.395598121086022,0
4.11837298621912,4.275841595434872,5.931869482683753,4.540460969421727,3.6096356276269583,1
4.221379939593836,6.177687961124659,4.853277973572089,5.365032664882798,6.902634737795997,1
6.610594196843634,3.0797219703392145,9.776352926617504,3.545052141324084,6.134242125286775,0
3.082248338017367,0.19638521596956426,7.500573577864631,6.142345771715917,3.8822345229198367,1
3.659689678819692,3.5735531100829574,5.611071157356013,4.728572640560759,8.778195847033984,0
6.337032906868411,5.7300682545765715,5.4373691292735,4.7301278440523875,4.979068751625922,1
4.544673497946577,6.275484037560901,7.272089504563066,4.244821046551234,7.03062237113043,0
