userId,group,item,responseNo,checked
c73a172ee44f4005aeafc8bae23faa70,1,age,1,0
c73a172ee44f4005aeafc8bae23faa70,1,age,2,0
c73a172ee44f4005aeafc8bae23faa70,1,age,3,1
c73a172ee44f4005aeafc8bae23faa70,1,age,4,0
c73a172ee44f4005aeafc8bae23faa70,1,age,5,0
c73a172ee44f4005aeafc8bae23faa70,1,age,6,0
c73a172ee44f4005aeafc8bae23faa70,1,age,7,0
c73a172ee44f4005aeafc8bae23faa70,1,gender,1,0
c73a172ee44f4005aeafc8bae23faa70,1,gender,2,1
c73a172ee44f4005aeafc8bae23faa70,1,gender,3,0
c73a172ee44f4005aeafc8bae23faa70,1,gender,4,0
c73a172ee44f4005aeafc8bae23faa70,1,gender,5,0
c73a172ee44f4005aeafc8bae23faa70,1,gender,6,0
c73a172ee44f4005aeafc8bae23faa70,1,gender,7,0
9711c8bb53bd4fd99042b2d0c0dfbab2,0,age,1,0
9711c8bb53bd4fd99042b2d0c0dfbab2,0,age,2,0
9711c8bb53bd4fd99042b2d0c0dfbab2,0,age,3,1
9711c8bb53bd4fd99042b2d0c0dfbab2,0,age,4,0
9711c8bb53bd4fd99042b2d0c0dfbab2,0,age,5,0
9711c8bb53bd4fd99042b2d0c0dfbab2,0,age,6,0
9711c8bb53bd4fd99042b2d0c0dfbab2,0,age,7,0
9711c8bb53bd4fd99042b2d0c0dfbab2,0,gender,1,1
9711c8bb53bd4fd99042b2d0c0dfbab2,0,gender,2,0
9711c8bb53bd4fd99042b2d0c0dfbab2,0,gender,3,0
9711c8bb53bd4fd99042b2d0c0dfbab2,0,gender,4,0
9711c8bb53bd4fd99042b2d0c0dfbab2,0,gender,5,0
9711c8bb53bd4fd99042b2d0c0dfbab2,0,gender,6,0
9711c8bb53bd4fd99042b2d0c0dfbab2,0,gender,7,0
964e4aaba5d046a3a473169b6eb5afd5,0,age,1,0
964e4aaba5d046a3a473169b6eb5afd5,0,age,2,0
964e4aaba5d046a3a473169b6eb5afd5,0,age,3,1
964e4aaba5d046a3a473169b6eb5afd5,0,age,4,0
964e4aaba5d046a3a473169b6eb5afd5,0,age,5,0
964e4aaba5d046a3a473169b6eb5afd5,0,age,6,0
964e4aaba5d046a3a473169b6eb5afd5,0,age,7,0
964e4aaba5d046a3a473169b6eb5afd5,0,gender,1,1
964e4aaba5d046a3a473169b6eb5afd5,0,gender,2,0
964e4aaba5d046a3a473169b6eb5afd5,0,gender,3,0
964e4aaba5d046a3a473169b6eb5afd5,0,gender,4,0
964e4aaba5d046a3a473169b6eb5afd5,0,gender,5,0
964e4aaba5d046a3a473169b6eb5afd5,0,gender,6,0
964e4aaba5d046a3a473169b6eb5afd5,0,gender,7,0
7e4b4fe85d6b445597e0d7e71a6f00c8,1,age,1,0
7e4b4fe85d6b445597e0d7e71a6f00c8,1,age,2,0
7e4b4fe85d6b445597e0d7e71a6f00c8,1,age,3,1
7e4b4fe85d6b445597e0d7e71a6f00c8,1,age,4,0
7e4b4fe85d6b445597e0d7e71a6f00c8,1,age,5,0
7e4b4fe85d6b445597e0d7e71a6f00c8,1,age,6,0
7e4b4fe85d6b445597e0d7e71a6f00c8,1,age,7,0
7e4b4fe85d6b445597e0d7e71a6f00c8,1,gender,1,0
7e4b4fe85d6b445597e0d7e71a6f00c8,1,gender,2,1
7e4b4fe85d6b445597e0d7e71a6f00c8,1,gender,3,0
7e4b4fe85d6b445597e0d7e71a6f00c8,1,gender,4,0
7e4b4fe85d6b445597e0d7e71a6f00c8,1,gender,5,0
7e4b4fe85d6b445597e0d7e71a6f00c8,1,gender,6,0
7e4b4fe85d6b445597e0d7e71a6f00c8,1,gender,7,0
e945b7829bd64551b39e4f963525b019,0,age,1,0
e945b7829bd64551b39e4f963525b019,0,age,2,0
e945b7829bd64551b39e4f963525b019,0,age,3,0
e945b7829bd64551b39e4f963525b019,0,age,4,1
e945b7829bd64551b39e4f963525b019,0,age,5,0
e945b7829bd64551b39e4f963525b019,0,age,6,0
e945b7829bd64551b39e4f963525b019,0,age,7,0
e945b7829bd64551b39e4f963525b019,0,gender,1,0
e945b7829bd64551b39e4f963525b019,0,gender,2,1
e945b7829bd64551b39e4f963525b019,0,gender,3,0
e945b7829bd64551b39e4f963525b019,0,gender,4,0
e945b7829bd64551b39e4f963525b019,0,gender,5,0
e945b7829bd64551b39e4f963525b019,0,gender,6,0
e945b7829bd64551b39e4f963525b019,0,gender,7,0
11b5161128cc450d9f1238ed44c4cec2,1,age,1,0
11b5161128cc450d9f1238ed44c4cec2,1,age,2,0
11b5161128cc450d9f1238ed44c4cec2,1,age,3,0
11b5161128cc450d9f1238ed44c4cec2,1,age,4,1
11b5161128cc450d9f1238ed44c4cec2,1,age,5,0
11b5161128cc450d9f1238ed44c4cec2,1,age,6,0
11b5161128cc450d9f1238ed44c4cec2,1,age,7,0
11b5161128cc450d9f1238ed44c4cec2,1,gender,1,0
11b5161128cc450d9f1238ed44c4cec2,1,gender,2,1
11b5161128cc450d9f1238ed44c4cec2,1,gender,3,0
11b5161128cc450d9f1238ed44c4cec2,1,gender,4,0
11b5161128cc450d9f1238ed44c4cec2,1,gender,5,0
11b5161128cc450d9f1238ed44c4cec2,1,gender,6,0
11b5161128cc450d9f1238ed44c4cec2,1,gender,7,0
bc4b84f131c24fafad926ce4429c0dfe,1,age,1,0
bc4b84f131c24fafad926ce4429c0dfe,1,age,2,1
bc4b84f131c24fafad926ce4429c0dfe,1,age,3,0
bc4b84f131c24fafad926ce4429c0dfe,1,age,4,0
bc4b84f131c24fafad926ce4429c0dfe,1,age,5,0
bc4b84f131c24fafad926ce4429c0dfe,1,age,6,0
bc4b84f131c24fafad926ce4429c0dfe,1,age,7,0
bc4b84f131c24fafad926ce4429c0dfe,1,gender,1,1
bc4b84f131c24fafad926ce4429c0dfe,1,gender,2,0
bc4b84f131c24fafad926ce4429c0dfe,1,gender,3,0
bc4b84f131c24fafad926ce4429c0dfe,1,gender,4,0
bc4b84f131c24fafad926ce4429c0dfe,1,gender,5,0
bc4b84f131c24fafad926ce4429c0dfe,1,gender,6,0
bc4b84f131c24fafad926ce4429c0dfe,1,gender,7,0
8b74dcaa6c5c4c77876c54e0bdb3690a,0,age,1,0
8b74dcaa6c5c4c77876c54e0bdb3690a,0,age,2,0
8b74dcaa6c5c4c77876c54e0bdb3690a,0,age,3,1
8b74dcaa6c5c4c77876c54e0bdb3690a,0,age,4,0
8b74dcaa6c5c4c77876c54e0bdb3690a,0,age,5,0
8b74dcaa6c5c4c77876c54e0bdb3690a,0,age,6,0
8b74dcaa6c5c4c77876c54e0bdb3690a,0,age,7,0
8b74dcaa6c5c4c77876c54e0bdb3690a,0,gender,1,1
8b74dcaa6c5c4c77876c54e0bdb3690a,0,gender,2,0
8b74dcaa6c5c4c77876c54e0bdb3690a,0,gender,3,0
8b74dcaa6c5c4c77876c54e0bdb3690a,0,gender,4,0
8b74dcaa6c5c4c77876c54e0bdb3690a,0,gender,5,0
8b74dcaa6c5c4c77876c54e0bdb3690a,0,gender,6,0
8b74dcaa6c5c4c77876c54e0bdb3690a,0,gender,7,0
54c68e9b3c9b41b4b7fe9a2bc6e68876,1,age,1,0
54c68e9b3c9b41b4b7fe9a2bc6e68876,1,age,2,1
54c68e9b3c9b41b4b7fe9a2bc6e68876,1,age,3,0
54c68e9b3c9b41b4b7fe9a2bc6e68876,1,age,4,0
54c68e9b3c9b41b4b7fe9a2bc6e68876,1,age,5,0
54c68e9b3c9b41b4b7fe9a2bc6e68876,1,age,6,0
54c68e9b3c9b41b4b7fe9a2bc6e68876,1,age,7,0
54c68e9b3c9b41b4b7fe9a2bc6e68876,1,gender,1,0
54c68e9b3c9b41b4b7fe9a2bc6e68876,1,gender,2,1
54c68e9b3c9b41b4b7fe9a2bc6e68876,1,gender,3,0
54c68e9b3c9b41b4b7fe9a2bc6e68876,1,gender,4,0
54c68e9b3c9b41b4b7fe9a2bc6e68876,1,gender,5,0
54c68e9b3c9b41b4b7fe9a2bc6e68876,1,gender,6,0
54c68e9b3c9b41b4b7fe9a2bc6e68876,1,gender,7,0
d347bed5f2f443bc946248b77506e62b,0,age,1,0
d347bed5f2f443bc946248b77506e62b,0,age,2,0
d347bed5f2f443bc946248b77506e62b,0,age,3,0
d347bed5f2f443bc946248b77506e62b,0,age,4,1
d347bed5f2f443bc946248b77506e62b,0,age,5,0
d347bed5f2f443bc946248b77506e62b,0,age,6,0
d347bed5f2f443bc946248b77506e62b,0,age,7,0
d347bed5f2f443bc946248b77506e62b,0,gender,1,0
d347bed5f2f443bc946248b77506e62b,0,gender,2,1
d347bed5f2f443bc946248b77506e62b,0,gender,3,0
d347bed5f2f443bc946248b77506e62b,0,gender,4,0
d347bed5f2f443bc946248b77506e62b,0,gender,5,0
d347bed5f2f443bc946248b77506e62b,0,gender,6,0
d347bed5f2f443bc946248b77506e62b,0,gender,7,0
cafb3506f7744a4ea4d7266f22c66cb7,0,age,1,0
cafb3506f7744a4ea4d7266f22c66cb7,0,age,2,0
cafb3506f7744a4ea4d7266f22c66cb7,0,age,3,1
cafb3506f7744a4ea4d7266f22c66cb7,0,age,4,0
cafb3506f7744a4ea4d7266f22c66cb7,0,age,5,0
cafb3506f7744a4ea4d7266f22c66cb7,0,age,6,0
cafb3506f7744a4ea4d7266f22c66cb7,0,age,7,0
cafb3506f7744a4ea4d7266f22c66cb7,0,gender,1,0
cafb3506f7744a4ea4d7266f22c66cb7,0,gender,2,1
cafb3506f7744a4ea4d7266f22c66cb7,0,gender,3,0
cafb3506f7744a4ea4d7266f22c66cb7,0,gender,4,0
cafb3506f7744a4ea4d7266f22c66cb7,0,gender,5,0
cafb3506f7744a4ea4d7266f22c66cb7,0,gender,6,0
cafb3506f7744a4ea4d7266f22c66cb7,0,gender,7,0
1d369fce0bcf4c15bd1a306baa4f478f,0,age,1,0
1d369fce0bcf4c15bd1a306baa4f478f,0,age,2,0
1d369fce0bcf4c15bd1a306baa4f478f,0,age,3,0
1d369fce0bcf4c15bd1a306baa4f478f,0,age,4,1
1d369fce0bcf4c15bd1a306baa4f478f,0,age,5,0
1d369fce0bcf4c15bd1a306baa4f478f,0,age,6,0
1d369fce0bcf4c15bd1a306baa4f478f,0,age,7,0
1d369fce0bcf4c15bd1a306baa4f478f,0,gender,1,0
1d369fce0bcf4c15bd1a306baa4f478f,0,gender,2,1
1d369fce0bcf4c15bd1a306baa4f478f,0,gender,3,0
1d369fce0bcf4c15bd1a306baa4f478f,0,gender,4,0
1d369fce0bcf4c15bd1a306baa4f478f,0,gender,5,0
1d369fce0bcf4c15bd1a306baa4f478f,0,gender,6,0
1d369fce0bcf4c15bd1a306baa4f478f,0,gender,7,0
3780c9be3ae54816a437a1edac89f3a4,1,age,1,0
3780c9be3ae54816a437a1edac89f3a4,1,age,2,0
3780c9be3ae54816a437a1edac89f3a4,1,age,3,0
3780c9be3ae54816a437a1edac89f3a4,1,age,4,0
3780c9be3ae54816a437a1edac89f3a4,1,age,5,1
3780c9be3ae54816a437a1edac89f3a4,1,age,6,0
3780c9be3ae54816a437a1edac89f3a4,1,age,7,0
3780c9be3ae54816a437a1edac89f3a4,1,gender,1,1
3780c9be3ae54816a437a1edac89f3a4,1,gender,2,0
3780c9be3ae54816a437a1edac89f3a4,1,gender,3,0
3780c9be3ae54816a437a1edac89f3a4,1,gender,4,0
3780c9be3ae54816a437a1edac89f3a4,1,gender,5,0
3780c9be3ae54816a437a1edac89f3a4,1,gender,6,0
3780c9be3ae54816a437a1edac89f3a4,1,gender,7,0
1a4bcae1b2bc4821977aa9b2950e3728,1,age,1,0
1a4bcae1b2bc4821977aa9b2950e3728,1,age,2,0
1a4bcae1b2bc4821977aa9b2950e3728,1,age,3,0
1a4bcae1b2bc4821977aa9b2950e3728,1,age,4,0
1a4bcae1b2bc4821977aa9b2950e3728,1,age,5,1
1a4bcae1b2bc4821977aa9b2950e3728,1,age,6,0
1a4bcae1b2bc4821977aa9b2950e3728,1,age,7,0
1a4bcae1b2bc4821977aa9b2950e3728,1,gender,1,1
1a4bcae1b2bc4821977aa9b2950e3728,1,gender,2,0
1a4bcae1b2bc4821977aa9b2950e3728,1,gender,3,0
1a4bcae1b2bc4821977aa9b2950e3728,1,gender,4,0
1a4bcae1b2bc4821977aa9b2950e3728,1,gender,5,0
1a4bcae1b2bc4821977aa9b2950e3728,1,gender,6,0
1a4bcae1b2bc4821977aa9b2950e3728,1,gender,7,0
3011ebb9134145de9189bc721ab0efc0,0,age,1,0
3011ebb9134145de9189bc721ab0efc0,0,age,2,0
3011ebb9134145de9189bc721ab0efc0,0,age,3,1
3011ebb9134145de9189bc721ab0efc0,0,age,4,0
3011ebb9134145de9189bc721ab0efc0,0,age,5,0
3011ebb9134145de9189bc721ab0efc0,0,age,6,0
3011ebb9134145de9189bc721ab0efc0,0,age,7,0
3011ebb9134145de9189bc721ab0efc0,0,gender,1,0
3011ebb9134145de9189bc721ab0efc0,0,gender,2,1
3011ebb9134145de9189bc721ab0efc0,0,gender,3,0
3011ebb9134145de9189bc721ab0efc0,0,gender,4,0
3011ebb9134145de9189bc721ab0efc0,0,gender,5,0
3011ebb9134145de9189bc721ab0efc0,0,gender,6,0
3011ebb9134145de9189bc721ab0efc0,0,gender,7,0
90108bf618c043c98b7b2a01965f926a,1,age,1,0
90108bf618c043c98b7b2a01965f926a,1,age,2,0
90108bf618c043c98b7b2a01965f926a,1,age,3,0
90108bf618c043c98b7b2a01965f926a,1,age,4,0
90108bf618c043c98b7b2a01965f926a,1,age,5,1
90108bf618c043c98b7b2a01965f926a,1,age,6,0
90108bf618c043c98b7b2a01965f926a,1,age,7,0
90108bf618c043c98b7b2a01965f926a,1,gender,1,0
90108bf618c043c98b7b2a01965f926a,1,gender,2,1
90108bf618c043c98b7b2a01965f926a,1,gender,3,0
90108bf618c043c98b7b2a01965f926a,1,gender,4,0
90108bf618c043c98b7b2a01965f926a,1,gender,5,0
90108bf618c043c98b7b2a01965f926a,1,gender,6,0
90108bf618c043c98b7b2a01965f926a,1,gender,7,0
4648526c0e6345b6aa8838b7bd894340,0,age,1,0
4648526c0e6345b6aa8838b7bd894340,0,age,2,0
4648526c0e6345b6aa8838b7bd894340,0,age,3,0
4648526c0e6345b6aa8838b7bd894340,0,age,4,1
4648526c0e6345b6aa8838b7bd894340,0,age,5,0
4648526c0e6345b6aa8838b7bd894340,0,age,6,0
4648526c0e6345b6aa8838b7bd894340,0,age,7,0
4648526c0e6345b6aa8838b7bd894340,0,gender,1,1
4648526c0e6345b6aa8838b7bd894340,0,gender,2,0
4648526c0e6345b6aa8838b7bd894340,0,gender,3,0
4648526c0e6345b6aa8838b7bd894340,0,gender,4,0
4648526c0e6345b6aa8838b7bd894340,0,gender,5,0
4648526c0e6345b6aa8838b7bd894340,0,gender,6,0
4648526c0e6345b6aa8838b7bd894340,0,gender,7,0
e6f4203218c94e919dbac7ceeaf51a3a,0,age,1,0
e6f4203218c94e919dbac7ceeaf51a3a,0,age,2,0
e6f4203218c94e919dbac7ceeaf51a3a,0,age,3,0
e6f4203218c94e919dbac7ceeaf51a3a,0,age,4,0
e6f4203218c94e919dbac7ceeaf51a3a,0,age,5,1
e6f4203218c94e919dbac7ceeaf51a3a,0,age,6,0
e6f4203218c94e919dbac7ceeaf51a3a,0,age,7,0
e6f4203218c94e919dbac7ceeaf51a3a,0,gender,1,0
e6f4203218c94e919dbac7ceeaf51a3a,0,gender,2,1
e6f4203218c94e919dbac7ceeaf51a3a,0,gender,3,0
e6f4203218c94e919dbac7ceeaf51a3a,0,gender,4,0
e6f4203218c94e919dbac7ceeaf51a3a,0,gender,5,0
e6f4203218c94e919dbac7ceeaf51a3a,0,gender,6,0
e6f4203218c94e919dbac7ceeaf51a3a,0,gender,7,0
813237f3fc16480bb2dc69929de65d1f,1,age,1,0
813237f3fc16480bb2dc69929de65d1f,1,age,2,0
813237f3fc16480bb2dc69929de65d1f,1,age,3,1
813237f3fc16480bb2dc69929de65d1f,1,age,4,0
813237f3fc16480bb2dc69929de65d1f,1,age,5,0
813237f3fc16480bb2dc69929de65d1f,1,age,6,0
813237f3fc16480bb2dc69929de65d1f,1,age,7,0
813237f3fc16480bb2dc69929de65d1f,1,gender,1,1
813237f3fc16480bb2dc69929de65d1f,1,gender,2,0
813237f3fc16480bb2dc69929de65d1f,1,gender,3,0
813237f3fc16480bb2dc69929de65d1f,1,gender,4,0
813237f3fc16480bb2dc69929de65d1f,1,gender,5,0
813237f3fc16480bb2dc69929de65d1f,1,gender,6,0
813237f3fc16480bb2dc69929de65d1f,1,gender,7,0
a000fdf97917463f8722b86bc9aa8262,1,age,1,0
a000fdf97917463f8722b86bc9aa8262,1,age,2,0
a000fdf97917463f8722b86bc9aa8262,1,age,3,1
a000fdf97917463f8722b86bc9aa8262,1,age,4,0
a000fdf97917463f8722b86bc9aa8262,1,age,5,0
a000fdf97917463f8722b86bc9aa8262,1,age,6,0
a000fdf97917463f8722b86bc9aa8262,1,age,7,0
a000fdf97917463f8722b86bc9aa8262,1,gender,1,0
a000fdf97917463f8722b86bc9aa8262,1,gender,2,1
a000fdf97917463f8722b86bc9aa8262,1,gender,3,0
a000fdf97917463f8722b86bc9aa8262,1,gender,4,0
a000fdf97917463f8722b86bc9aa8262,1,gender,5,0
a000fdf97917463f8722b86bc9aa8262,1,gender,6,0
a000fdf97917463f8722b86bc9aa8262,1,gender,7,0
7fe9597234d0459fa7fcfa9d0d5bd0ad,1,age,1,0
7fe9597234d0459fa7fcfa9d0d5bd0ad,1,age,2,0
7fe9597234d0459fa7fcfa9d0d5bd0ad,1,age,3,1
7fe9597234d0459fa7fcfa9d0d5bd0ad,1,age,4,0
7fe9597234d0459fa7fcfa9d0d5bd0ad,1,age,5,0
7fe9597234d0459fa7fcfa9d0d5bd0ad,1,age,6,0
7fe9597234d0459fa7fcfa9d0d5bd0ad,1,age,7,0
7fe9597234d0459fa7fcfa9d0d5bd0ad,1,gender,1,0
7fe9597234d0459fa7fcfa9d0d5bd0ad,1,gender,2,0
7fe9597234d0459fa7fcfa9d0d5bd0ad,1,gender,3,0
7fe9597234d0459fa7fcfa9d0d5bd0ad,1,gender,4,0
7fe9597234d0459fa7fcfa9d0d5bd0ad,1,gender,5,1
7fe9597234d0459fa7fcfa9d0d5bd0ad,1,gender,6,0
7fe9597234d0459fa7fcfa9d0d5bd0ad,1,gender,7,0
32b8780656f845b1bc7a39f3804d3642,0,age,1,0
32b8780656f845b1bc7a39f3804d3642,0,age,2,0
32b8780656f845b1bc7a39f3804d3642,0,age,3,0
32b8780656f845b1bc7a39f3804d3642,0,age,4,1
32b8780656f845b1bc7a39f3804d3642,0,age,5,0
32b8780656f845b1bc7a39f3804d3642,0,age,6,0
32b8780656f845b1bc7a39f3804d3642,0,age,7,0
32b8780656f845b1bc7a39f3804d3642,0,gender,1,1
32b8780656f845b1bc7a39f3804d3642,0,gender,2,0
32b8780656f845b1bc7a39f3804d3642,0,gender,3,0
32b8780656f845b1bc7a39f3804d3642,0,gender,4,0
32b8780656f845b1bc7a39f3804d3642,0,gender,5,0
32b8780656f845b1bc7a39f3804d3642,0,gender,6,0
32b8780656f845b1bc7a39f3804d3642,0,gender,7,0
5f903493b322439793f935e1f9fc8b2c,1,age,1,0
5f903493b322439793f935e1f9fc8b2c,1,age,2,0
5f903493b322439793f935e1f9fc8b2c,1,age,3,0
5f903493b322439793f935e1f9fc8b2c,1,age,4,1
5f903493b322439793f935e1f9fc8b2c,1,age,5,0
5f903493b322439793f935e1f9fc8b2c,1,age,6,0
5f903493b322439793f935e1f9fc8b2c,1,age,7,0
5f903493b322439793f935e1f9fc8b2c,1,gender,1,1
5f903493b322439793f935e1f9fc8b2c,1,gender,2,0
5f903493b322439793f935e1f9fc8b2c,1,gender,3,0
5f903493b322439793f935e1f9fc8b2c,1,gender,4,0
5f903493b322439793f935e1f9fc8b2c,1,gender,5,0
5f903493b322439793f935e1f9fc8b2c,1,gender,6,0
5f903493b322439793f935e1f9fc8b2c,1,gender,7,0
c11839439a184771945bf5a48121485b,1,age,1,0
c11839439a184771945bf5a48121485b,1,age,2,0
c11839439a184771945bf5a48121485b,1,age,3,1
c11839439a184771945bf5a48121485b,1,age,4,0
c11839439a184771945bf5a48121485b,1,age,5,0
c11839439a184771945bf5a48121485b,1,age,6,0
c11839439a184771945bf5a48121485b,1,age,7,0
c11839439a184771945bf5a48121485b,1,gender,1,0
c11839439a184771945bf5a48121485b,1,gender,2,1
c11839439a184771945bf5a48121485b,1,gender,3,0
c11839439a184771945bf5a48121485b,1,gender,4,0
c11839439a184771945bf5a48121485b,1,gender,5,0
c11839439a184771945bf5a48121485b,1,gender,6,0
c11839439a184771945bf5a48121485b,1,gender,7,0
6b72fe2de3f14ae2b7c2b591fae4fdcd,1,age,1,0
6b72fe2de3f14ae2b7c2b591fae4fdcd,1,age,2,0
6b72fe2de3f14ae2b7c2b591fae4fdcd,1,age,3,1
6b72fe2de3f14ae2b7c2b591fae4fdcd,1,age,4,0
6b72fe2de3f14ae2b7c2b591fae4fdcd,1,age,5,0
6b72fe2de3f14ae2b7c2b591fae4fdcd,1,age,6,0
6b72fe2de3f14ae2b7c2b591fae4fdcd,1,age,7,0
6b72fe2de3f14ae2b7c2b591fae4fdcd,1,gender,1,0
6b72fe2de3f14ae2b7c2b591fae4fdcd,1,gender,2,1
6b72fe2de3f14ae2b7c2b591fae4fdcd,1,gender,3,0
6b72fe2de3f14ae2b7c2b591fae4fdcd,1,gender,4,0
6b72fe2de3f14ae2b7c2b591fae4fdcd,1,gender,5,0
6b72fe2de3f14ae2b7c2b591fae4fdcd,1,gender,6,0
6b72fe2de3f14ae2b7c2b591fae4fdcd,1,gender,7,0
3d437120cddd43a79f3271254863ea2d,0,age,1,0
3d437120cddd43a79f3271254863ea2d,0,age,2,0
3d437120cddd43a79f3271254863ea2d,0,age,3,1
3d437120cddd43a79f3271254863ea2d,0,age,4,0
3d437120cddd43a79f3271254863ea2d,0,age,5,0
3d437120cddd43a79f3271254863ea2d,0,age,6,0
3d437120cddd43a79f3271254863ea2d,0,age,7,0
3d437120cddd43a79f3271254863ea2d,0,gender,1,0
3d437120cddd43a79f3271254863ea2d,0,gender,2,1
3d437120cddd43a79f3271254863ea2d,0,gender,3,0
3d437120cddd43a79f3271254863ea2d,0,gender,4,0
3d437120cddd43a79f3271254863ea2d,0,gender,5,0
3d437120cddd43a79f3271254863ea2d,0,gender,6,0
3d437120cddd43a79f3271254863ea2d,0,gender,7,0
4172d1c5f8de44ab86aa72d44681d2a8,0,age,1,0
4172d1c5f8de44ab86aa72d44681d2a8,0,age,2,0
4172d1c5f8de44ab86aa72d44681d2a8,0,age,3,1
4172d1c5f8de44ab86aa72d44681d2a8,0,age,4,0
4172d1c5f8de44ab86aa72d44681d2a8,0,age,5,0
4172d1c5f8de44ab86aa72d44681d2a8,0,age,6,0
4172d1c5f8de44ab86aa72d44681d2a8,0,age,7,0
4172d1c5f8de44ab86aa72d44681d2a8,0,gender,1,1
4172d1c5f8de44ab86aa72d44681d2a8,0,gender,2,0
4172d1c5f8de44ab86aa72d44681d2a8,0,gender,3,0
4172d1c5f8de44ab86aa72d44681d2a8,0,gender,4,0
4172d1c5f8de44ab86aa72d44681d2a8,0,gender,5,0
4172d1c5f8de44ab86aa72d44681d2a8,0,gender,6,0
4172d1c5f8de44ab86aa72d44681d2a8,0,gender,7,0
00593e0865b74f959096f3bc71e82010,0,age,1,0
00593e0865b74f959096f3bc71e82010,0,age,2,0
00593e0865b74f959096f3bc71e82010,0,age,3,1
00593e0865b74f959096f3bc71e82010,0,age,4,0
00593e0865b74f959096f3bc71e82010,0,age,5,0
00593e0865b74f959096f3bc71e82010,0,age,6,0
00593e0865b74f959096f3bc71e82010,0,age,7,0
00593e0865b74f959096f3bc71e82010,0,gender,1,1
00593e0865b74f959096f3bc71e82010,0,gender,2,0
00593e0865b74f959096f3bc71e82010,0,gender,3,0
00593e0865b74f959096f3bc71e82010,0,gender,4,0
00593e0865b74f959096f3bc71e82010,0,gender,5,0
00593e0865b74f959096f3bc71e82010,0,gender,6,0
00593e0865b74f959096f3bc71e82010,0,gender,7,0
0148e29e28d74d3eaa453719bba389b3,0,age,1,0
0148e29e28d74d3eaa453719bba389b3,0,age,2,0
0148e29e28d74d3eaa453719bba389b3,0,age,3,0
0148e29e28d74d3eaa453719bba389b3,0,age,4,0
0148e29e28d74d3eaa453719bba389b3,0,age,5,1
0148e29e28d74d3eaa453719bba389b3,0,age,6,0
0148e29e28d74d3eaa453719bba389b3,0,age,7,0
0148e29e28d74d3eaa453719bba389b3,0,gender,1,0
0148e29e28d74d3eaa453719bba389b3,0,gender,2,1
0148e29e28d74d3eaa453719bba389b3,0,gender,3,0
0148e29e28d74d3eaa453719bba389b3,0,gender,4,0
0148e29e28d74d3eaa453719bba389b3,0,gender,5,0
0148e29e28d74d3eaa453719bba389b3,0,gender,6,0
0148e29e28d74d3eaa453719bba389b3,0,gender,7,0
cc2ed6abb57a435cb2a04db8fc4fdd80,0,age,1,0
cc2ed6abb57a435cb2a04db8fc4fdd80,0,age,2,0
cc2ed6abb57a435cb2a04db8fc4fdd80,0,age,3,0
cc2ed6abb57a435cb2a04db8fc4fdd80,0,age,4,0
cc2ed6abb57a435cb2a04db8fc4fdd80,0,age,5,1
cc2ed6abb57a435cb2a04db8fc4fdd80,0,age,6,0
cc2ed6abb57a435cb2a04db8fc4fdd80,0,age,7,0
cc2ed6abb57a435cb2a04db8fc4fdd80,0,gender,1,1
cc2ed6abb57a435cb2a04db8fc4fdd80,0,gender,2,0
cc2ed6abb57a435cb2a04db8fc4fdd80,0,gender,3,0
cc2ed6abb57a435cb2a04db8fc4fdd80,0,gender,4,0
cc2ed6abb57a435cb2a04db8fc4fdd80,0,gender,5,0
cc2ed6abb57a435cb2a04db8fc4fdd80,0,gender,6,0
cc2ed6abb57a435cb2a04db8fc4fdd80,0,gender,7,0
8d5ca00a87084d9f88c8b11c365df903,0,age,1,0
8d5ca00a87084d9f88c8b11c365df903,0,age,2,0
8d5ca00a87084d9f88c8b11c365df903,0,age,3,1
8d5ca00a87084d9f88c8b11c365df903,0,age,4,0
8d5ca00a87084d9f88c8b11c365df903,0,age,5,0
8d5ca00a87084d9f88c8b11c365df903,0,age,6,0
8d5ca00a87084d9f88c8b11c365df903,0,age,7,0
8d5ca00a87084d9f88c8b11c365df903,0,gender,1,0
8d5ca00a87084d9f88c8b11c365df903,0,gender,2,1
8d5ca00a87084d9f88c8b11c365df903,0,gender,3,0
8d5ca00a87084d9f88c8b11c365df903,0,gender,4,0
8d5ca00a87084d9f88c8b11c365df903,0,gender,5,0
8d5ca00a87084d9f88c8b11c365df903,0,gender,6,0
8d5ca00a87084d9f88c8b11c365df903,0,gender,7,0
5ee009bca0a14d3aa31b28ac54f2431f,0,age,1,0
5ee009bca0a14d3aa31b28ac54f2431f,0,age,2,0
5ee009bca0a14d3aa31b28ac54f2431f,0,age,3,1
5ee009bca0a14d3aa31b28ac54f2431f,0,age,4,0
5ee009bca0a14d3aa31b28ac54f2431f,0,age,5,0
5ee009bca0a14d3aa31b28ac54f2431f,0,age,6,0
5ee009bca0a14d3aa31b28ac54f2431f,0,age,7,0
5ee009bca0a14d3aa31b28ac54f2431f,0,gender,1,0
5ee009bca0a14d3aa31b28ac54f2431f,0,gender,2,1
5ee009bca0a14d3aa31b28ac54f2431f,0,gender,3,0
5ee009bca0a14d3aa31b28ac54f2431f,0,gender,4,0
5ee009bca0a14d3aa31b28ac54f2431f,0,gender,5,0
5ee009bca0a14d3aa31b28ac54f2431f,0,gender,6,0
5ee009bca0a14d3aa31b28ac54f2431f,0,gender,7,0
08df4991366748f1ab464b0b23f02379,0,age,1,0
08df4991366748f1ab464b0b23f02379,0,age,2,0
08df4991366748f1ab464b0b23f02379,0,age,3,0
08df4991366748f1ab464b0b23f02379,0,age,4,1
08df4991366748f1ab464b0b23f02379,0,age,5,0
08df4991366748f1ab464b0b23f02379,0,age,6,0
08df4991366748f1ab464b0b23f02379,0,age,7,0
08df4991366748f1ab464b0b23f02379,0,gender,1,1
08df4991366748f1ab464b0b23f02379,0,gender,2,0
08df4991366748f1ab464b0b23f02379,0,gender,3,0
08df4991366748f1ab464b0b23f02379,0,gender,4,0
08df4991366748f1ab464b0b23f02379,0,gender,5,0
08df4991366748f1ab464b0b23f02379,0,gender,6,0
08df4991366748f1ab464b0b23f02379,0,gender,7,0
c159277f2fb54b5592422914fcecae48,0,age,1,0
c159277f2fb54b5592422914fcecae48,0,age,2,0
c159277f2fb54b5592422914fcecae48,0,age,3,1
c159277f2fb54b5592422914fcecae48,0,age,4,0
c159277f2fb54b5592422914fcecae48,0,age,5,0
c159277f2fb54b5592422914fcecae48,0,age,6,0
c159277f2fb54b5592422914fcecae48,0,age,7,0
c159277f2fb54b5592422914fcecae48,0,gender,1,0
c159277f2fb54b5592422914fcecae48,0,gender,2,1
c159277f2fb54b5592422914fcecae48,0,gender,3,0
c159277f2fb54b5592422914fcecae48,0,gender,4,0
c159277f2fb54b5592422914fcecae48,0,gender,5,0
c159277f2fb54b5592422914fcecae48,0,gender,6,0
c159277f2fb54b5592422914fcecae48,0,gender,7,0
a36b9d9cad8942669ae51a2ac481b26e,1,age,1,0
a36b9d9cad8942669ae51a2ac481b26e,1,age,2,0
a36b9d9cad8942669ae51a2ac481b26e,1,age,3,0
a36b9d9cad8942669ae51a2ac481b26e,1,age,4,0
a36b9d9cad8942669ae51a2ac481b26e,1,age,5,1
a36b9d9cad8942669ae51a2ac481b26e,1,age,6,0
a36b9d9cad8942669ae51a2ac481b26e,1,age,7,0
a36b9d9cad8942669ae51a2ac481b26e,1,gender,1,1
a36b9d9cad8942669ae51a2ac481b26e,1,gender,2,0
a36b9d9cad8942669ae51a2ac481b26e,1,gender,3,0
a36b9d9cad8942669ae51a2ac481b26e,1,gender,4,0
a36b9d9cad8942669ae51a2ac481b26e,1,gender,5,0
a36b9d9cad8942669ae51a2ac481b26e,1,gender,6,0
a36b9d9cad8942669ae51a2ac481b26e,1,gender,7,0
2c854c9b35c5404db597b20972ded497,1,age,1,0
2c854c9b35c5404db597b20972ded497,1,age,2,0
2c854c9b35c5404db597b20972ded497,1,age,3,0
2c854c9b35c5404db597b20972ded497,1,age,4,1
2c854c9b35c5404db597b20972ded497,1,age,5,0
2c854c9b35c5404db597b20972ded497,1,age,6,0
2c854c9b35c5404db597b20972ded497,1,age,7,0
2c854c9b35c5404db597b20972ded497,1,gender,1,0
2c854c9b35c5404db597b20972ded497,1,gender,2,1
2c854c9b35c5404db597b20972ded497,1,gender,3,0
2c854c9b35c5404db597b20972ded497,1,gender,4,0
2c854c9b35c5404db597b20972ded497,1,gender,5,0
2c854c9b35c5404db597b20972ded497,1,gender,6,0
2c854c9b35c5404db597b20972ded497,1,gender,7,0
2c1d2d982540479b8cc008f2182b38b8,0,age,1,0
2c1d2d982540479b8cc008f2182b38b8,0,age,2,0
2c1d2d982540479b8cc008f2182b38b8,0,age,3,0
2c1d2d982540479b8cc008f2182b38b8,0,age,4,0
2c1d2d982540479b8cc008f2182b38b8,0,age,5,1
2c1d2d982540479b8cc008f2182b38b8,0,age,6,0
2c1d2d982540479b8cc008f2182b38b8,0,age,7,0
2c1d2d982540479b8cc008f2182b38b8,0,gender,1,1
2c1d2d982540479b8cc008f2182b38b8,0,gender,2,0
2c1d2d982540479b8cc008f2182b38b8,0,gender,3,0
2c1d2d982540479b8cc008f2182b38b8,0,gender,4,0
2c1d2d982540479b8cc008f2182b38b8,0,gender,5,0
2c1d2d982540479b8cc008f2182b38b8,0,gender,6,0
2c1d2d982540479b8cc008f2182b38b8,0,gender,7,0
77a7222557e744288f9fabd1ad6f165b,0,age,1,0
77a7222557e744288f9fabd1ad6f165b,0,age,2,0
77a7222557e744288f9fabd1ad6f165b,0,age,3,1
77a7222557e744288f9fabd1ad6f165b,0,age,4,0
77a7222557e744288f9fabd1ad6f165b,0,age,5,0
77a7222557e744288f9fabd1ad6f165b,0,age,6,0
77a7222557e744288f9fabd1ad6f165b,0,age,7,0
77a7222557e744288f9fabd1ad6f165b,0,gender,1,0
77a7222557e744288f9fabd1ad6f165b,0,gender,2,1
77a7222557e744288f9fabd1ad6f165b,0,gender,3,0
77a7222557e744288f9fabd1ad6f165b,0,gender,4,0
77a7222557e744288f9fabd1ad6f165b,0,gender,5,0
77a7222557e744288f9fabd1ad6f165b,0,gender,6,0
77a7222557e744288f9fabd1ad6f165b,0,gender,7,0
0497d9f66f764d55abe031998b66a9c5,1,age,1,0
0497d9f66f764d55abe031998b66a9c5,1,age,2,0
0497d9f66f764d55abe031998b66a9c5,1,age,3,1
0497d9f66f764d55abe031998b66a9c5,1,age,4,0
0497d9f66f764d55abe031998b66a9c5,1,age,5,0
0497d9f66f764d55abe031998b66a9c5,1,age,6,0
0497d9f66f764d55abe031998b66a9c5,1,age,7,0
0497d9f66f764d55abe031998b66a9c5,1,gender,1,0
0497d9f66f764d55abe031998b66a9c5,1,gender,2,1
0497d9f66f764d55abe031998b66a9c5,1,gender,3,0
0497d9f66f764d55abe031998b66a9c5,1,gender,4,0
0497d9f66f764d55abe031998b66a9c5,1,gender,5,0
0497d9f66f764d55abe031998b66a9c5,1,gender,6,0
0497d9f66f764d55abe031998b66a9c5,1,gender,7,0
90593d62f6204dc392873e0fde085efa,1,age,1,0
90593d62f6204dc392873e0fde085efa,1,age,2,1
90593d62f6204dc392873e0fde085efa,1,age,3,0
90593d62f6204dc392873e0fde085efa,1,age,4,0
90593d62f6204dc392873e0fde085efa,1,age,5,0
90593d62f6204dc392873e0fde085efa,1,age,6,0
90593d62f6204dc392873e0fde085efa,1,age,7,0
90593d62f6204dc392873e0fde085efa,1,gender,1,1
90593d62f6204dc392873e0fde085efa,1,gender,2,0
90593d62f6204dc392873e0fde085efa,1,gender,3,0
90593d62f6204dc392873e0fde085efa,1,gender,4,0
90593d62f6204dc392873e0fde085efa,1,gender,5,0
90593d62f6204dc392873e0fde085efa,1,gender,6,0
90593d62f6204dc392873e0fde085efa,1,gender,7,0
b2018014783b40a284a36fec385b7686,1,age,1,0
b2018014783b40a284a36fec385b7686,1,age,2,1
b2018014783b40a284a36fec385b7686,1,age,3,0
b2018014783b40a284a36fec385b7686,1,age,4,0
b2018014783b40a284a36fec385b7686,1,age,5,0
b2018014783b40a284a36fec385b7686,1,age,6,0
b2018014783b40a284a36fec385b7686,1,age,7,0
b2018014783b40a284a36fec385b7686,1,gender,1,0
b2018014783b40a284a36fec385b7686,1,gender,2,1
b2018014783b40a284a36fec385b7686,1,gender,3,0
b2018014783b40a284a36fec385b7686,1,gender,4,0
b2018014783b40a284a36fec385b7686,1,gender,5,0
b2018014783b40a284a36fec385b7686,1,gender,6,0
b2018014783b40a284a36fec385b7686,1,gender,7,0
cd55b62bbbe64ccea66246ca33d06bab,1,age,1,0
cd55b62bbbe64ccea66246ca33d06bab,1,age,2,0
cd55b62bbbe64ccea66246ca33d06bab,1,age,3,1
cd55b62bbbe64ccea66246ca33d06bab,1,age,4,0
cd55b62bbbe64ccea66246ca33d06bab,1,age,5,0
cd55b62bbbe64ccea66246ca33d06bab,1,age,6,0
cd55b62bbbe64ccea66246ca33d06bab,1,age,7,0
cd55b62bbbe64ccea66246ca33d06bab,1,gender,1,1
cd55b62bbbe64ccea66246ca33d06bab,1,gender,2,0
cd55b62bbbe64ccea66246ca33d06bab,1,gender,3,0
cd55b62bbbe64ccea66246ca33d06bab,1,gender,4,0
cd55b62bbbe64ccea66246ca33d06bab,1,gender,5,0
cd55b62bbbe64ccea66246ca33d06bab,1,gender,6,0
cd55b62bbbe64ccea66246ca33d06bab,1,gender,7,0
2a53379418194b02ad7ff2d354bc5ecf,0,age,1,0
2a53379418194b02ad7ff2d354bc5ecf,0,age,2,0
2a53379418194b02ad7ff2d354bc5ecf,0,age,3,1
2a53379418194b02ad7ff2d354bc5ecf,0,age,4,0
2a53379418194b02ad7ff2d354bc5ecf,0,age,5,0
2a53379418194b02ad7ff2d354bc5ecf,0,age,6,0
2a53379418194b02ad7ff2d354bc5ecf,0,age,7,0
2a53379418194b02ad7ff2d354bc5ecf,0,gender,1,0
2a53379418194b02ad7ff2d354bc5ecf,0,gender,2,1
2a53379418194b02ad7ff2d354bc5ecf,0,gender,3,0
2a53379418194b02ad7ff2d354bc5ecf,0,gender,4,0
2a53379418194b02ad7ff2d354bc5ecf,0,gender,5,0
2a53379418194b02ad7ff2d354bc5ecf,0,gender,6,0
2a53379418194b02ad7ff2d354bc5ecf,0,gender,7,0
f6704ab5d39d4f65a070c8ec1f3cdbe6,0,age,1,0
f6704ab5d39d4f65a070c8ec1f3cdbe6,0,age,2,0
f6704ab5d39d4f65a070c8ec1f3cdbe6,0,age,3,1
f6704ab5d39d4f65a070c8ec1f3cdbe6,0,age,4,0
f6704ab5d39d4f65a070c8ec1f3cdbe6,0,age,5,0
f6704ab5d39d4f65a070c8ec1f3cdbe6,0,age,6,0
f6704ab5d39d4f65a070c8ec1f3cdbe6,0,age,7,0
f6704ab5d39d4f65a070c8ec1f3cdbe6,0,gender,1,1
f6704ab5d39d4f65a070c8ec1f3cdbe6,0,gender,2,0
f6704ab5d39d4f65a070c8ec1f3cdbe6,0,gender,3,0
f6704ab5d39d4f65a070c8ec1f3cdbe6,0,gender,4,0
f6704ab5d39d4f65a070c8ec1f3cdbe6,0,gender,5,0
f6704ab5d39d4f65a070c8ec1f3cdbe6,0,gender,6,0
f6704ab5d39d4f65a070c8ec1f3cdbe6,0,gender,7,0
a6869d8b0a9d4b4a8069be1242a3ea05,1,age,1,0
a6869d8b0a9d4b4a8069be1242a3ea05,1,age,2,0
a6869d8b0a9d4b4a8069be1242a3ea05,1,age,3,0
a6869d8b0a9d4b4a8069be1242a3ea05,1,age,4,0
a6869d8b0a9d4b4a8069be1242a3ea05,1,age,5,1
a6869d8b0a9d4b4a8069be1242a3ea05,1,age,6,0
a6869d8b0a9d4b4a8069be1242a3ea05,1,age,7,0
a6869d8b0a9d4b4a8069be1242a3ea05,1,gender,1,1
a6869d8b0a9d4b4a8069be1242a3ea05,1,gender,2,0
a6869d8b0a9d4b4a8069be1242a3ea05,1,gender,3,0
a6869d8b0a9d4b4a8069be1242a3ea05,1,gender,4,0
a6869d8b0a9d4b4a8069be1242a3ea05,1,gender,5,0
a6869d8b0a9d4b4a8069be1242a3ea05,1,gender,6,0
a6869d8b0a9d4b4a8069be1242a3ea05,1,gender,7,0
