userId,group,item,responseNo,checked
6d1b18bc3805421ba0d947e135a2504b,1,age,1,0
6d1b18bc3805421ba0d947e135a2504b,1,age,2,1
6d1b18bc3805421ba0d947e135a2504b,1,age,3,0
6d1b18bc3805421ba0d947e135a2504b,1,age,4,0
6d1b18bc3805421ba0d947e135a2504b,1,age,5,0
6d1b18bc3805421ba0d947e135a2504b,1,age,6,0
6d1b18bc3805421ba0d947e135a2504b,1,age,7,0
6d1b18bc3805421ba0d947e135a2504b,1,gender,1,0
6d1b18bc3805421ba0d947e135a2504b,1,gender,2,1
6d1b18bc3805421ba0d947e135a2504b,1,gender,3,0
6d1b18bc3805421ba0d947e135a2504b,1,gender,4,0
6d1b18bc3805421ba0d947e135a2504b,1,gender,5,0
6d1b18bc3805421ba0d947e135a2504b,1,gender,6,0
6d1b18bc3805421ba0d947e135a2504b,1,gender,7,0
669914495f4a421fa14f0fc62d7cce66,0,age,1,0
669914495f4a421fa14f0fc62d7cce66,0,age,2,0
669914495f4a421fa14f0fc62d7cce66,0,age,3,1
669914495f4a421fa14f0fc62d7cce66,0,age,4,0
669914495f4a421fa14f0fc62d7cce66,0,age,5,0
669914495f4a421fa14f0fc62d7cce66,0,age,6,0
669914495f4a421fa14f0fc62d7cce66,0,age,7,0
669914495f4a421fa14f0fc62d7cce66,0,gender,1,0
669914495f4a421fa14f0fc62d7cce66,0,gender,2,1
669914495f4a421fa14f0fc62d7cce66,0,gender,3,0
669914495f4a421fa14f0fc62d7cce66,0,gender,4,0
669914495f4a421fa14f0fc62d7cce66,0,gender,5,0
669914495f4a421fa14f0fc62d7cce66,0,gender,6,0
669914495f4a421fa14f0fc62d7cce66,0,gender,7,0
0b76dd21a2dd43d5bb9ca87c14898d1d,0,age,1,0
0b76dd21a2dd43d5bb9ca87c14898d1d,0,age,2,0
0b76dd21a2dd43d5bb9ca87c14898d1d,0,age,3,0
0b76dd21a2dd43d5bb9ca87c14898d1d,0,age,4,0
0b76dd21a2dd43d5bb9ca87c14898d1d,0,age,5,1
0b76dd21a2dd43d5bb9ca87c14898d1d,0,age,6,0
0b76dd21a2dd43d5bb9ca87c14898d1d,0,age,7,0
0b76dd21a2dd43d5bb9ca87c14898d1d,0,gender,1,1
0b76dd21a2dd43d5bb9ca87c14898d1d,0,gender,2,0
0b76dd21a2dd43d5bb9ca87c14898d1d,0,gender,3,0
0b76dd21a2dd43d5bb9ca87c14898d1d,0,gender,4,0
0b76dd21a2dd43d5bb9ca87c14898d1d,0,gender,5,0
0b76dd21a2dd43d5bb9ca87c14898d1d,0,gender,6,0
0b76dd21a2dd43d5bb9ca87c14898d1d,0,gender,7,0
459c811e7dd440a79175ee204f709a86,1,age,1,0
459c811e7dd440a79175ee204f709a86,1,age,2,0
459c811e7dd440a79175ee204f709a86,1,age,3,0
459c811e7dd440a79175ee204f709a86,1,age,4,1
459c811e7dd440a79175ee204f709a86,1,age,5,0
459c811e7dd440a79175ee204f709a86,1,age,6,0
459c811e7dd440a79175ee204f709a86,1,age,7,0
459c811e7dd440a79175ee204f709a86,1,gender,1,0
459c811e7dd440a79175ee204f709a86,1,gender,2,1
459c811e7dd440a79175ee204f709a86,1,gender,3,0
459c811e7dd440a79175ee204f709a86,1,gender,4,0
459c811e7dd440a79175ee204f709a86,1,gender,5,0
459c811e7dd440a79175ee204f709a86,1,gender,6,0
459c811e7dd440a79175ee204f709a86,1,gender,7,0
a64c8f5215d3401190fdcc51465adaed,1,age,1,0
a64c8f5215d3401190fdcc51465adaed,1,age,2,1
a64c8f5215d3401190fdcc51465adaed,1,age,3,0
a64c8f5215d3401190fdcc51465adaed,1,age,4,0
a64c8f5215d3401190fdcc51465adaed,1,age,5,0
a64c8f5215d3401190fdcc51465adaed,1,age,6,0
a64c8f5215d3401190fdcc51465adaed,1,age,7,0
a64c8f5215d3401190fdcc51465adaed,1,gender,1,0
a64c8f5215d3401190fdcc51465adaed,1,gender,2,1
a64c8f5215d3401190fdcc51465adaed,1,gender,3,0
a64c8f5215d3401190fdcc51465adaed,1,gender,4,0
a64c8f5215d3401190fdcc51465adaed,1,gender,5,0
a64c8f5215d3401190fdcc51465adaed,1,gender,6,0
a64c8f5215d3401190fdcc51465adaed,1,gender,7,0
64c362d70ba44c81adfd809aca66c194,0,age,1,0
64c362d70ba44c81adfd809aca66c194,0,age,2,0
64c362d70ba44c81adfd809aca66c194,0,age,3,1
64c362d70ba44c81adfd809aca66c194,0,age,4,0
64c362d70ba44c81adfd809aca66c194,0,age,5,0
64c362d70ba44c81adfd809aca66c194,0,age,6,0
64c362d70ba44c81adfd809aca66c194,0,age,7,0
64c362d70ba44c81adfd809aca66c194,0,gender,1,0
64c362d70ba44c81adfd809aca66c194,0,gender,2,1
64c362d70ba44c81adfd809aca66c194,0,gender,3,0
64c362d70ba44c81adfd809aca66c194,0,gender,4,0
64c362d70ba44c81adfd809aca66c194,0,gender,5,0
64c362d70ba44c81adfd809aca66c194,0,gender,6,0
64c362d70ba44c81adfd809aca66c194,0,gender,7,0
f5c5f1e9ad7b4ee8868067ec6241413b,1,age,1,0
f5c5f1e9ad7b4ee8868067ec6241413b,1,age,2,0
f5c5f1e9ad7b4ee8868067ec6241413b,1,age,3,1
f5c5f1e9ad7b4ee8868067ec6241413b,1,age,4,0
f5c5f1e9ad7b4ee8868067ec6241413b,1,age,5,0
f5c5f1e9ad7b4ee8868067ec6241413b,1,age,6,0
f5c5f1e9ad7b4ee8868067ec6241413b,1,age,7,0
f5c5f1e9ad7b4ee8868067ec6241413b,1,gender,1,0
f5c5f1e9ad7b4ee8868067ec6241413b,1,gender,2,1
f5c5f1e9ad7b4ee8868067ec6241413b,1,gender,3,0
f5c5f1e9ad7b4ee8868067ec6241413b,1,gender,4,0
f5c5f1e9ad7b4ee8868067ec6241413b,1,gender,5,0
f5c5f1e9ad7b4ee8868067ec6241413b,1,gender,6,0
f5c5f1e9ad7b4ee8868067ec6241413b,1,gender,7,0
160cad9d27d14d64b5656d30047a966b,1,age,1,0
160cad9d27d14d64b5656d30047a966b,1,age,2,1
160cad9d27d14d64b5656d30047a966b,1,age,3,0
160cad9d27d14d64b5656d30047a966b,1,age,4,0
160cad9d27d14d64b5656d30047a966b,1,age,5,0
160cad9d27d14d64b5656d30047a966b,1,age,6,0
160cad9d27d14d64b5656d30047a966b,1,age,7,0
160cad9d27d14d64b5656d30047a966b,1,gender,1,1
160cad9d27d14d64b5656d30047a966b,1,gender,2,0
160cad9d27d14d64b5656d30047a966b,1,gender,3,0
160cad9d27d14d64b5656d30047a966b,1,gender,4,0
160cad9d27d14d64b5656d30047a966b,1,gender,5,0
160cad9d27d14d64b5656d30047a966b,1,gender,6,0
160cad9d27d14d64b5656d30047a966b,1,gender,7,0
366946ee693842639b3c724ef9ae8eef,0,age,1,0
366946ee693842639b3c724ef9ae8eef,0,age,2,0
366946ee693842639b3c724ef9ae8eef,0,age,3,1
366946ee693842639b3c724ef9ae8eef,0,age,4,0
366946ee693842639b3c724ef9ae8eef,0,age,5,0
366946ee693842639b3c724ef9ae8eef,0,age,6,0
366946ee693842639b3c724ef9ae8eef,0,age,7,0
366946ee693842639b3c724ef9ae8eef,0,gender,1,0
366946ee693842639b3c724ef9ae8eef,0,gender,2,1
366946ee693842639b3c724ef9ae8eef,0,gender,3,0
366946ee693842639b3c724ef9ae8eef,0,gender,4,0
366946ee693842639b3c724ef9ae8eef,0,gender,5,0
366946ee693842639b3c724ef9ae8eef,0,gender,6,0
366946ee693842639b3c724ef9ae8eef,0,gender,7,0
638452cf0f3047eab4fcd99150d910d7,0,age,1,0
638452cf0f3047eab4fcd99150d910d7,0,age,2,1
638452cf0f3047eab4fcd99150d910d7,0,age,3,0
638452cf0f3047eab4fcd99150d910d7,0,age,4,0
638452cf0f3047eab4fcd99150d910d7,0,age,5,0
638452cf0f3047eab4fcd99150d910d7,0,age,6,0
638452cf0f3047eab4fcd99150d910d7,0,age,7,0
638452cf0f3047eab4fcd99150d910d7,0,gender,1,0
638452cf0f3047eab4fcd99150d910d7,0,gender,2,1
638452cf0f3047eab4fcd99150d910d7,0,gender,3,0
638452cf0f3047eab4fcd99150d910d7,0,gender,4,0
638452cf0f3047eab4fcd99150d910d7,0,gender,5,0
638452cf0f3047eab4fcd99150d910d7,0,gender,6,0
638452cf0f3047eab4fcd99150d910d7,0,gender,7,0
dc03d5e3cf2a4d6d8da8372eba82df4f,1,age,1,0
dc03d5e3cf2a4d6d8da8372eba82df4f,1,age,2,0
dc03d5e3cf2a4d6d8da8372eba82df4f,1,age,3,1
dc03d5e3cf2a4d6d8da8372eba82df4f,1,age,4,0
dc03d5e3cf2a4d6d8da8372eba82df4f,1,age,5,0
dc03d5e3cf2a4d6d8da8372eba82df4f,1,age,6,0
dc03d5e3cf2a4d6d8da8372eba82df4f,1,age,7,0
dc03d5e3cf2a4d6d8da8372eba82df4f,1,gender,1,0
dc03d5e3cf2a4d6d8da8372eba82df4f,1,gender,2,1
dc03d5e3cf2a4d6d8da8372eba82df4f,1,gender,3,0
dc03d5e3cf2a4d6d8da8372eba82df4f,1,gender,4,0
dc03d5e3cf2a4d6d8da8372eba82df4f,1,gender,5,0
dc03d5e3cf2a4d6d8da8372eba82df4f,1,gender,6,0
dc03d5e3cf2a4d6d8da8372eba82df4f,1,gender,7,0
21af205028cd4cc9b0dd1d768f8fbab0,1,age,1,0
21af205028cd4cc9b0dd1d768f8fbab0,1,age,2,0
21af205028cd4cc9b0dd1d768f8fbab0,1,age,3,0
21af205028cd4cc9b0dd1d768f8fbab0,1,age,4,0
21af205028cd4cc9b0dd1d768f8fbab0,1,age,5,1
21af205028cd4cc9b0dd1d768f8fbab0,1,age,6,0
21af205028cd4cc9b0dd1d768f8fbab0,1,age,7,0
21af205028cd4cc9b0dd1d768f8fbab0,1,gender,1,0
21af205028cd4cc9b0dd1d768f8fbab0,1,gender,2,1
21af205028cd4cc9b0dd1d768f8fbab0,1,gender,3,0
21af205028cd4cc9b0dd1d768f8fbab0,1,gender,4,0
21af205028cd4cc9b0dd1d768f8fbab0,1,gender,5,0
21af205028cd4cc9b0dd1d768f8fbab0,1,gender,6,0
21af205028cd4cc9b0dd1d768f8fbab0,1,gender,7,0
9650434c8ed647728881952788235552,0,age,1,0
9650434c8ed647728881952788235552,0,age,2,0
9650434c8ed647728881952788235552,0,age,3,1
9650434c8ed647728881952788235552,0,age,4,0
9650434c8ed647728881952788235552,0,age,5,0
9650434c8ed647728881952788235552,0,age,6,0
9650434c8ed647728881952788235552,0,age,7,0
9650434c8ed647728881952788235552,0,gender,1,0
9650434c8ed647728881952788235552,0,gender,2,1
9650434c8ed647728881952788235552,0,gender,3,0
9650434c8ed647728881952788235552,0,gender,4,0
9650434c8ed647728881952788235552,0,gender,5,0
9650434c8ed647728881952788235552,0,gender,6,0
9650434c8ed647728881952788235552,0,gender,7,0
cd1498b98a2048e68f38610fcfac3e04,1,age,1,0
cd1498b98a2048e68f38610fcfac3e04,1,age,2,1
cd1498b98a2048e68f38610fcfac3e04,1,age,3,0
cd1498b98a2048e68f38610fcfac3e04,1,age,4,0
cd1498b98a2048e68f38610fcfac3e04,1,age,5,0
cd1498b98a2048e68f38610fcfac3e04,1,age,6,0
cd1498b98a2048e68f38610fcfac3e04,1,age,7,0
cd1498b98a2048e68f38610fcfac3e04,1,gender,1,0
cd1498b98a2048e68f38610fcfac3e04,1,gender,2,1
cd1498b98a2048e68f38610fcfac3e04,1,gender,3,0
cd1498b98a2048e68f38610fcfac3e04,1,gender,4,0
cd1498b98a2048e68f38610fcfac3e04,1,gender,5,0
cd1498b98a2048e68f38610fcfac3e04,1,gender,6,0
cd1498b98a2048e68f38610fcfac3e04,1,gender,7,0
f5bddc6b0ca148c8bd01d4858f076f88,0,age,1,0
f5bddc6b0ca148c8bd01d4858f076f88,0,age,2,0
f5bddc6b0ca148c8bd01d4858f076f88,0,age,3,0
f5bddc6b0ca148c8bd01d4858f076f88,0,age,4,1
f5bddc6b0ca148c8bd01d4858f076f88,0,age,5,0
f5bddc6b0ca148c8bd01d4858f076f88,0,age,6,0
f5bddc6b0ca148c8bd01d4858f076f88,0,age,7,0
f5bddc6b0ca148c8bd01d4858f076f88,0,gender,1,1
f5bddc6b0ca148c8bd01d4858f076f88,0,gender,2,0
f5bddc6b0ca148c8bd01d4858f076f88,0,gender,3,0
f5bddc6b0ca148c8bd01d4858f076f88,0,gender,4,0
f5bddc6b0ca148c8bd01d4858f076f88,0,gender,5,0
f5bddc6b0ca148c8bd01d4858f076f88,0,gender,6,0
f5bddc6b0ca148c8bd01d4858f076f88,0,gender,7,0
af29b378fc2f4eb6af4a2424caf58405,0,age,1,0
af29b378fc2f4eb6af4a2424caf58405,0,age,2,0
af29b378fc2f4eb6af4a2424caf58405,0,age,3,0
af29b378fc2f4eb6af4a2424caf58405,0,age,4,0
af29b378fc2f4eb6af4a2424caf58405,0,age,5,1
af29b378fc2f4eb6af4a2424caf58405,0,age,6,0
af29b378fc2f4eb6af4a2424caf58405,0,age,7,0
af29b378fc2f4eb6af4a2424caf58405,0,gender,1,0
af29b378fc2f4eb6af4a2424caf58405,0,gender,2,1
af29b378fc2f4eb6af4a2424caf58405,0,gender,3,0
af29b378fc2f4eb6af4a2424caf58405,0,gender,4,0
af29b378fc2f4eb6af4a2424caf58405,0,gender,5,0
af29b378fc2f4eb6af4a2424caf58405,0,gender,6,0
af29b378fc2f4eb6af4a2424caf58405,0,gender,7,0
08f609f6e04b45ba947fb68f9d13c0dd,0,age,1,0
08f609f6e04b45ba947fb68f9d13c0dd,0,age,2,1
08f609f6e04b45ba947fb68f9d13c0dd,0,age,3,0
08f609f6e04b45ba947fb68f9d13c0dd,0,age,4,0
08f609f6e04b45ba947fb68f9d13c0dd,0,age,5,0
08f609f6e04b45ba947fb68f9d13c0dd,0,age,6,0
08f609f6e04b45ba947fb68f9d13c0dd,0,age,7,0
08f609f6e04b45ba947fb68f9d13c0dd,0,gender,1,1
08f609f6e04b45ba947fb68f9d13c0dd,0,gender,2,0
08f609f6e04b45ba947fb68f9d13c0dd,0,gender,3,0
08f609f6e04b45ba947fb68f9d13c0dd,0,gender,4,0
08f609f6e04b45ba947fb68f9d13c0dd,0,gender,5,0
08f609f6e04b45ba947fb68f9d13c0dd,0,gender,6,0
08f609f6e04b45ba947fb68f9d13c0dd,0,gender,7,0
85b67a6f0a404efd883e2b54729b36d7,0,age,1,0
85b67a6f0a404efd883e2b54729b36d7,0,age,2,0
85b67a6f0a404efd883e2b54729b36d7,0,age,3,0
85b67a6f0a404efd883e2b54729b36d7,0,age,4,1
85b67a6f0a404efd883e2b54729b36d7,0,age,5,0
85b67a6f0a404efd883e2b54729b36d7,0,age,6,0
85b67a6f0a404efd883e2b54729b36d7,0,age,7,0
85b67a6f0a404efd883e2b54729b36d7,0,gender,1,0
85b67a6f0a404efd883e2b54729b36d7,0,gender,2,1
85b67a6f0a404efd883e2b54729b36d7,0,gender,3,0
85b67a6f0a404efd883e2b54729b36d7,0,gender,4,0
85b67a6f0a404efd883e2b54729b36d7,0,gender,5,0
85b67a6f0a404efd883e2b54729b36d7,0,gender,6,0
85b67a6f0a404efd883e2b54729b36d7,0,gender,7,0
0da21c8e120a4b02a076ce27bcfca0da,1,age,1,0
0da21c8e120a4b02a076ce27bcfca0da,1,age,2,0
0da21c8e120a4b02a076ce27bcfca0da,1,age,3,0
0da21c8e120a4b02a076ce27bcfca0da,1,age,4,1
0da21c8e120a4b02a076ce27bcfca0da,1,age,5,0
0da21c8e120a4b02a076ce27bcfca0da,1,age,6,0
0da21c8e120a4b02a076ce27bcfca0da,1,age,7,0
0da21c8e120a4b02a076ce27bcfca0da,1,gender,1,0
0da21c8e120a4b02a076ce27bcfca0da,1,gender,2,1
0da21c8e120a4b02a076ce27bcfca0da,1,gender,3,0
0da21c8e120a4b02a076ce27bcfca0da,1,gender,4,0
0da21c8e120a4b02a076ce27bcfca0da,1,gender,5,0
0da21c8e120a4b02a076ce27bcfca0da,1,gender,6,0
0da21c8e120a4b02a076ce27bcfca0da,1,gender,7,0
ec6fd28362d144c79e1c23eceb8edbe6,0,age,1,0
ec6fd28362d144c79e1c23eceb8edbe6,0,age,2,0
ec6fd28362d144c79e1c23eceb8edbe6,0,age,3,1
ec6fd28362d144c79e1c23eceb8edbe6,0,age,4,0
ec6fd28362d144c79e1c23eceb8edbe6,0,age,5,0
ec6fd28362d144c79e1c23eceb8edbe6,0,age,6,0
ec6fd28362d144c79e1c23eceb8edbe6,0,age,7,0
ec6fd28362d144c79e1c23eceb8edbe6,0,gender,1,0
ec6fd28362d144c79e1c23eceb8edbe6,0,gender,2,1
ec6fd28362d144c79e1c23eceb8edbe6,0,gender,3,0
ec6fd28362d144c79e1c23eceb8edbe6,0,gender,4,0
ec6fd28362d144c79e1c23eceb8edbe6,0,gender,5,0
ec6fd28362d144c79e1c23eceb8edbe6,0,gender,6,0
ec6fd28362d144c79e1c23eceb8edbe6,0,gender,7,0
96f52f1df03d404db649fbd36fb75e4e,0,age,1,0
96f52f1df03d404db649fbd36fb75e4e,0,age,2,1
96f52f1df03d404db649fbd36fb75e4e,0,age,3,0
96f52f1df03d404db649fbd36fb75e4e,0,age,4,0
96f52f1df03d404db649fbd36fb75e4e,0,age,5,0
96f52f1df03d404db649fbd36fb75e4e,0,age,6,0
96f52f1df03d404db649fbd36fb75e4e,0,age,7,0
96f52f1df03d404db649fbd36fb75e4e,0,gender,1,0
96f52f1df03d404db649fbd36fb75e4e,0,gender,2,1
96f52f1df03d404db649fbd36fb75e4e,0,gender,3,0
96f52f1df03d404db649fbd36fb75e4e,0,gender,4,0
96f52f1df03d404db649fbd36fb75e4e,0,gender,5,0
96f52f1df03d404db649fbd36fb75e4e,0,gender,6,0
96f52f1df03d404db649fbd36fb75e4e,0,gender,7,0
3bd9bc57645f4cca8b9316103ef8dfdb,1,age,1,0
3bd9bc57645f4cca8b9316103ef8dfdb,1,age,2,1
3bd9bc57645f4cca8b9316103ef8dfdb,1,age,3,0
3bd9bc57645f4cca8b9316103ef8dfdb,1,age,4,0
3bd9bc57645f4cca8b9316103ef8dfdb,1,age,5,0
3bd9bc57645f4cca8b9316103ef8dfdb,1,age,6,0
3bd9bc57645f4cca8b9316103ef8dfdb,1,age,7,0
3bd9bc57645f4cca8b9316103ef8dfdb,1,gender,1,0
3bd9bc57645f4cca8b9316103ef8dfdb,1,gender,2,1
3bd9bc57645f4cca8b9316103ef8dfdb,1,gender,3,0
3bd9bc57645f4cca8b9316103ef8dfdb,1,gender,4,0
3bd9bc57645f4cca8b9316103ef8dfdb,1,gender,5,0
3bd9bc57645f4cca8b9316103ef8dfdb,1,gender,6,0
3bd9bc57645f4cca8b9316103ef8dfdb,1,gender,7,0
174edadb3695415dba2bd76650eed065,1,age,1,0
174edadb3695415dba2bd76650eed065,1,age,2,0
174edadb3695415dba2bd76650eed065,1,age,3,1
174edadb3695415dba2bd76650eed065,1,age,4,0
174edadb3695415dba2bd76650eed065,1,age,5,0
174edadb3695415dba2bd76650eed065,1,age,6,0
174edadb3695415dba2bd76650eed065,1,age,7,0
174edadb3695415dba2bd76650eed065,1,gender,1,1
174edadb3695415dba2bd76650eed065,1,gender,2,0
174edadb3695415dba2bd76650eed065,1,gender,3,0
174edadb3695415dba2bd76650eed065,1,gender,4,0
174edadb3695415dba2bd76650eed065,1,gender,5,0
174edadb3695415dba2bd76650eed065,1,gender,6,0
174edadb3695415dba2bd76650eed065,1,gender,7,0
93fd66c58ba14204b222526f1da76b23,1,age,1,0
93fd66c58ba14204b222526f1da76b23,1,age,2,0
93fd66c58ba14204b222526f1da76b23,1,age,3,0
93fd66c58ba14204b222526f1da76b23,1,age,4,0
93fd66c58ba14204b222526f1da76b23,1,age,5,1
93fd66c58ba14204b222526f1da76b23,1,age,6,0
93fd66c58ba14204b222526f1da76b23,1,age,7,0
93fd66c58ba14204b222526f1da76b23,1,gender,1,0
93fd66c58ba14204b222526f1da76b23,1,gender,2,1
93fd66c58ba14204b222526f1da76b23,1,gender,3,0
93fd66c58ba14204b222526f1da76b23,1,gender,4,0
93fd66c58ba14204b222526f1da76b23,1,gender,5,0
93fd66c58ba14204b222526f1da76b23,1,gender,6,0
93fd66c58ba14204b222526f1da76b23,1,gender,7,0
8878b1b0c0e04a65bc6f0fa7795f6286,0,age,1,0
8878b1b0c0e04a65bc6f0fa7795f6286,0,age,2,1
8878b1b0c0e04a65bc6f0fa7795f6286,0,age,3,0
8878b1b0c0e04a65bc6f0fa7795f6286,0,age,4,0
8878b1b0c0e04a65bc6f0fa7795f6286,0,age,5,0
8878b1b0c0e04a65bc6f0fa7795f6286,0,age,6,0
8878b1b0c0e04a65bc6f0fa7795f6286,0,age,7,0
8878b1b0c0e04a65bc6f0fa7795f6286,0,gender,1,1
8878b1b0c0e04a65bc6f0fa7795f6286,0,gender,2,0
8878b1b0c0e04a65bc6f0fa7795f6286,0,gender,3,0
8878b1b0c0e04a65bc6f0fa7795f6286,0,gender,4,0
8878b1b0c0e04a65bc6f0fa7795f6286,0,gender,5,0
8878b1b0c0e04a65bc6f0fa7795f6286,0,gender,6,0
8878b1b0c0e04a65bc6f0fa7795f6286,0,gender,7,0
22f19633de954db1b8e48a91aea2cc53,1,age,1,0
22f19633de954db1b8e48a91aea2cc53,1,age,2,0
22f19633de954db1b8e48a91aea2cc53,1,age,3,0
22f19633de954db1b8e48a91aea2cc53,1,age,4,0
22f19633de954db1b8e48a91aea2cc53,1,age,5,1
22f19633de954db1b8e48a91aea2cc53,1,age,6,0
22f19633de954db1b8e48a91aea2cc53,1,age,7,0
22f19633de954db1b8e48a91aea2cc53,1,gender,1,0
22f19633de954db1b8e48a91aea2cc53,1,gender,2,1
22f19633de954db1b8e48a91aea2cc53,1,gender,3,0
22f19633de954db1b8e48a91aea2cc53,1,gender,4,0
22f19633de954db1b8e48a91aea2cc53,1,gender,5,0
22f19633de954db1b8e48a91aea2cc53,1,gender,6,0
22f19633de954db1b8e48a91aea2cc53,1,gender,7,0
0518be41d21b48a99602c61a65f30e2e,1,age,1,0
0518be41d21b48a99602c61a65f30e2e,1,age,2,0
0518be41d21b48a99602c61a65f30e2e,1,age,3,1
0518be41d21b48a99602c61a65f30e2e,1,age,4,0
0518be41d21b48a99602c61a65f30e2e,1,age,5,0
0518be41d21b48a99602c61a65f30e2e,1,age,6,0
0518be41d21b48a99602c61a65f30e2e,1,age,7,0
0518be41d21b48a99602c61a65f30e2e,1,gender,1,0
0518be41d21b48a99602c61a65f30e2e,1,gender,2,1
0518be41d21b48a99602c61a65f30e2e,1,gender,3,0
0518be41d21b48a99602c61a65f30e2e,1,gender,4,0
0518be41d21b48a99602c61a65f30e2e,1,gender,5,0
0518be41d21b48a99602c61a65f30e2e,1,gender,6,0
0518be41d21b48a99602c61a65f30e2e,1,gender,7,0
b7a989e07b9d4817b2bb26e496c1af6e,0,age,1,0
b7a989e07b9d4817b2bb26e496c1af6e,0,age,2,1
b7a989e07b9d4817b2bb26e496c1af6e,0,age,3,0
b7a989e07b9d4817b2bb26e496c1af6e,0,age,4,0
b7a989e07b9d4817b2bb26e496c1af6e,0,age,5,0
b7a989e07b9d4817b2bb26e496c1af6e,0,age,6,0
b7a989e07b9d4817b2bb26e496c1af6e,0,age,7,0
b7a989e07b9d4817b2bb26e496c1af6e,0,gender,1,0
b7a989e07b9d4817b2bb26e496c1af6e,0,gender,2,1
b7a989e07b9d4817b2bb26e496c1af6e,0,gender,3,0
b7a989e07b9d4817b2bb26e496c1af6e,0,gender,4,0
b7a989e07b9d4817b2bb26e496c1af6e,0,gender,5,0
b7a989e07b9d4817b2bb26e496c1af6e,0,gender,6,0
b7a989e07b9d4817b2bb26e496c1af6e,0,gender,7,0
6de40772719d46318298f67bab3fd72f,1,age,1,0
6de40772719d46318298f67bab3fd72f,1,age,2,0
6de40772719d46318298f67bab3fd72f,1,age,3,0
6de40772719d46318298f67bab3fd72f,1,age,4,1
6de40772719d46318298f67bab3fd72f,1,age,5,0
6de40772719d46318298f67bab3fd72f,1,age,6,0
6de40772719d46318298f67bab3fd72f,1,age,7,0
6de40772719d46318298f67bab3fd72f,1,gender,1,0
6de40772719d46318298f67bab3fd72f,1,gender,2,1
6de40772719d46318298f67bab3fd72f,1,gender,3,0
6de40772719d46318298f67bab3fd72f,1,gender,4,0
6de40772719d46318298f67bab3fd72f,1,gender,5,0
6de40772719d46318298f67bab3fd72f,1,gender,6,0
6de40772719d46318298f67bab3fd72f,1,gender,7,0
352d5ed1d52947fea7a0fd88c99c1f93,0,age,1,0
352d5ed1d52947fea7a0fd88c99c1f93,0,age,2,0
352d5ed1d52947fea7a0fd88c99c1f93,0,age,3,1
352d5ed1d52947fea7a0fd88c99c1f93,0,age,4,0
352d5ed1d52947fea7a0fd88c99c1f93,0,age,5,0
352d5ed1d52947fea7a0fd88c99c1f93,0,age,6,0
352d5ed1d52947fea7a0fd88c99c1f93,0,age,7,0
352d5ed1d52947fea7a0fd88c99c1f93,0,gender,1,0
352d5ed1d52947fea7a0fd88c99c1f93,0,gender,2,1
352d5ed1d52947fea7a0fd88c99c1f93,0,gender,3,0
352d5ed1d52947fea7a0fd88c99c1f93,0,gender,4,0
352d5ed1d52947fea7a0fd88c99c1f93,0,gender,5,0
352d5ed1d52947fea7a0fd88c99c1f93,0,gender,6,0
352d5ed1d52947fea7a0fd88c99c1f93,0,gender,7,0
568993fda3cd4358912e538952c21877,0,age,1,0
568993fda3cd4358912e538952c21877,0,age,2,0
568993fda3cd4358912e538952c21877,0,age,3,1
568993fda3cd4358912e538952c21877,0,age,4,0
568993fda3cd4358912e538952c21877,0,age,5,0
568993fda3cd4358912e538952c21877,0,age,6,0
568993fda3cd4358912e538952c21877,0,age,7,0
568993fda3cd4358912e538952c21877,0,gender,1,1
568993fda3cd4358912e538952c21877,0,gender,2,0
568993fda3cd4358912e538952c21877,0,gender,3,0
568993fda3cd4358912e538952c21877,0,gender,4,0
568993fda3cd4358912e538952c21877,0,gender,5,0
568993fda3cd4358912e538952c21877,0,gender,6,0
568993fda3cd4358912e538952c21877,0,gender,7,0
c8894650ada948e5a27d84d6aa905b7b,1,age,1,0
c8894650ada948e5a27d84d6aa905b7b,1,age,2,0
c8894650ada948e5a27d84d6aa905b7b,1,age,3,0
c8894650ada948e5a27d84d6aa905b7b,1,age,4,0
c8894650ada948e5a27d84d6aa905b7b,1,age,5,0
c8894650ada948e5a27d84d6aa905b7b,1,age,6,1
c8894650ada948e5a27d84d6aa905b7b,1,age,7,0
c8894650ada948e5a27d84d6aa905b7b,1,gender,1,1
c8894650ada948e5a27d84d6aa905b7b,1,gender,2,0
c8894650ada948e5a27d84d6aa905b7b,1,gender,3,0
c8894650ada948e5a27d84d6aa905b7b,1,gender,4,0
c8894650ada948e5a27d84d6aa905b7b,1,gender,5,0
c8894650ada948e5a27d84d6aa905b7b,1,gender,6,0
c8894650ada948e5a27d84d6aa905b7b,1,gender,7,0
88080cf136764296b667bdea4c51c25c,1,age,1,0
88080cf136764296b667bdea4c51c25c,1,age,2,0
88080cf136764296b667bdea4c51c25c,1,age,3,0
88080cf136764296b667bdea4c51c25c,1,age,4,0
88080cf136764296b667bdea4c51c25c,1,age,5,1
88080cf136764296b667bdea4c51c25c,1,age,6,0
88080cf136764296b667bdea4c51c25c,1,age,7,0
88080cf136764296b667bdea4c51c25c,1,gender,1,1
88080cf136764296b667bdea4c51c25c,1,gender,2,0
88080cf136764296b667bdea4c51c25c,1,gender,3,0
88080cf136764296b667bdea4c51c25c,1,gender,4,0
88080cf136764296b667bdea4c51c25c,1,gender,5,0
88080cf136764296b667bdea4c51c25c,1,gender,6,0
88080cf136764296b667bdea4c51c25c,1,gender,7,0
9dd5311de0c24bf0b0659666d29ab522,0,age,1,0
9dd5311de0c24bf0b0659666d29ab522,0,age,2,0
9dd5311de0c24bf0b0659666d29ab522,0,age,3,1
9dd5311de0c24bf0b0659666d29ab522,0,age,4,0
9dd5311de0c24bf0b0659666d29ab522,0,age,5,0
9dd5311de0c24bf0b0659666d29ab522,0,age,6,0
9dd5311de0c24bf0b0659666d29ab522,0,age,7,0
9dd5311de0c24bf0b0659666d29ab522,0,gender,1,0
9dd5311de0c24bf0b0659666d29ab522,0,gender,2,1
9dd5311de0c24bf0b0659666d29ab522,0,gender,3,0
9dd5311de0c24bf0b0659666d29ab522,0,gender,4,0
9dd5311de0c24bf0b0659666d29ab522,0,gender,5,0
9dd5311de0c24bf0b0659666d29ab522,0,gender,6,0
9dd5311de0c24bf0b0659666d29ab522,0,gender,7,0
93d6d7392bc04e1aae925ef91731f1e1,0,age,1,0
93d6d7392bc04e1aae925ef91731f1e1,0,age,2,0
93d6d7392bc04e1aae925ef91731f1e1,0,age,3,1
93d6d7392bc04e1aae925ef91731f1e1,0,age,4,0
93d6d7392bc04e1aae925ef91731f1e1,0,age,5,0
93d6d7392bc04e1aae925ef91731f1e1,0,age,6,0
93d6d7392bc04e1aae925ef91731f1e1,0,age,7,0
93d6d7392bc04e1aae925ef91731f1e1,0,gender,1,0
93d6d7392bc04e1aae925ef91731f1e1,0,gender,2,1
93d6d7392bc04e1aae925ef91731f1e1,0,gender,3,0
93d6d7392bc04e1aae925ef91731f1e1,0,gender,4,0
93d6d7392bc04e1aae925ef91731f1e1,0,gender,5,0
93d6d7392bc04e1aae925ef91731f1e1,0,gender,6,0
93d6d7392bc04e1aae925ef91731f1e1,0,gender,7,0
5f4cc849ffc24169928dc882a11c4221,0,age,1,0
5f4cc849ffc24169928dc882a11c4221,0,age,2,0
5f4cc849ffc24169928dc882a11c4221,0,age,3,1
5f4cc849ffc24169928dc882a11c4221,0,age,4,0
5f4cc849ffc24169928dc882a11c4221,0,age,5,0
5f4cc849ffc24169928dc882a11c4221,0,age,6,0
5f4cc849ffc24169928dc882a11c4221,0,age,7,0
5f4cc849ffc24169928dc882a11c4221,0,gender,1,0
5f4cc849ffc24169928dc882a11c4221,0,gender,2,1
5f4cc849ffc24169928dc882a11c4221,0,gender,3,0
5f4cc849ffc24169928dc882a11c4221,0,gender,4,0
5f4cc849ffc24169928dc882a11c4221,0,gender,5,0
5f4cc849ffc24169928dc882a11c4221,0,gender,6,0
5f4cc849ffc24169928dc882a11c4221,0,gender,7,0
cf8ca589f5ec4dceb61c2404d7ff8d69,0,age,1,0
cf8ca589f5ec4dceb61c2404d7ff8d69,0,age,2,0
cf8ca589f5ec4dceb61c2404d7ff8d69,0,age,3,1
cf8ca589f5ec4dceb61c2404d7ff8d69,0,age,4,0
cf8ca589f5ec4dceb61c2404d7ff8d69,0,age,5,0
cf8ca589f5ec4dceb61c2404d7ff8d69,0,age,6,0
cf8ca589f5ec4dceb61c2404d7ff8d69,0,age,7,0
cf8ca589f5ec4dceb61c2404d7ff8d69,0,gender,1,0
cf8ca589f5ec4dceb61c2404d7ff8d69,0,gender,2,1
cf8ca589f5ec4dceb61c2404d7ff8d69,0,gender,3,0
cf8ca589f5ec4dceb61c2404d7ff8d69,0,gender,4,0
cf8ca589f5ec4dceb61c2404d7ff8d69,0,gender,5,0
cf8ca589f5ec4dceb61c2404d7ff8d69,0,gender,6,0
cf8ca589f5ec4dceb61c2404d7ff8d69,0,gender,7,0
be9da7c573a9438aae9cc184fc5b768b,1,age,1,0
be9da7c573a9438aae9cc184fc5b768b,1,age,2,0
be9da7c573a9438aae9cc184fc5b768b,1,age,3,1
be9da7c573a9438aae9cc184fc5b768b,1,age,4,0
be9da7c573a9438aae9cc184fc5b768b,1,age,5,0
be9da7c573a9438aae9cc184fc5b768b,1,age,6,0
be9da7c573a9438aae9cc184fc5b768b,1,age,7,0
be9da7c573a9438aae9cc184fc5b768b,1,gender,1,0
be9da7c573a9438aae9cc184fc5b768b,1,gender,2,1
be9da7c573a9438aae9cc184fc5b768b,1,gender,3,0
be9da7c573a9438aae9cc184fc5b768b,1,gender,4,0
be9da7c573a9438aae9cc184fc5b768b,1,gender,5,0
be9da7c573a9438aae9cc184fc5b768b,1,gender,6,0
be9da7c573a9438aae9cc184fc5b768b,1,gender,7,0
6095c02812e3479ca087e643dfde4caa,1,age,1,0
6095c02812e3479ca087e643dfde4caa,1,age,2,0
6095c02812e3479ca087e643dfde4caa,1,age,3,1
6095c02812e3479ca087e643dfde4caa,1,age,4,0
6095c02812e3479ca087e643dfde4caa,1,age,5,0
6095c02812e3479ca087e643dfde4caa,1,age,6,0
6095c02812e3479ca087e643dfde4caa,1,age,7,0
6095c02812e3479ca087e643dfde4caa,1,gender,1,0
6095c02812e3479ca087e643dfde4caa,1,gender,2,1
6095c02812e3479ca087e643dfde4caa,1,gender,3,0
6095c02812e3479ca087e643dfde4caa,1,gender,4,0
6095c02812e3479ca087e643dfde4caa,1,gender,5,0
6095c02812e3479ca087e643dfde4caa,1,gender,6,0
6095c02812e3479ca087e643dfde4caa,1,gender,7,0
6e8965c311964764b256968995098355,1,age,1,0
6e8965c311964764b256968995098355,1,age,2,1
6e8965c311964764b256968995098355,1,age,3,0
6e8965c311964764b256968995098355,1,age,4,0
6e8965c311964764b256968995098355,1,age,5,0
6e8965c311964764b256968995098355,1,age,6,0
6e8965c311964764b256968995098355,1,age,7,0
6e8965c311964764b256968995098355,1,gender,1,0
6e8965c311964764b256968995098355,1,gender,2,1
6e8965c311964764b256968995098355,1,gender,3,0
6e8965c311964764b256968995098355,1,gender,4,0
6e8965c311964764b256968995098355,1,gender,5,0
6e8965c311964764b256968995098355,1,gender,6,0
6e8965c311964764b256968995098355,1,gender,7,0
928ee67547674574b085d14bb8cb4df2,0,age,1,0
928ee67547674574b085d14bb8cb4df2,0,age,2,0
928ee67547674574b085d14bb8cb4df2,0,age,3,1
928ee67547674574b085d14bb8cb4df2,0,age,4,0
928ee67547674574b085d14bb8cb4df2,0,age,5,0
928ee67547674574b085d14bb8cb4df2,0,age,6,0
928ee67547674574b085d14bb8cb4df2,0,age,7,0
928ee67547674574b085d14bb8cb4df2,0,gender,1,0
928ee67547674574b085d14bb8cb4df2,0,gender,2,1
928ee67547674574b085d14bb8cb4df2,0,gender,3,0
928ee67547674574b085d14bb8cb4df2,0,gender,4,0
928ee67547674574b085d14bb8cb4df2,0,gender,5,0
928ee67547674574b085d14bb8cb4df2,0,gender,6,0
928ee67547674574b085d14bb8cb4df2,0,gender,7,0
ec97e141fa144e00afe3749045a4cb15,0,age,1,0
ec97e141fa144e00afe3749045a4cb15,0,age,2,0
ec97e141fa144e00afe3749045a4cb15,0,age,3,1
ec97e141fa144e00afe3749045a4cb15,0,age,4,0
ec97e141fa144e00afe3749045a4cb15,0,age,5,0
ec97e141fa144e00afe3749045a4cb15,0,age,6,0
ec97e141fa144e00afe3749045a4cb15,0,age,7,0
ec97e141fa144e00afe3749045a4cb15,0,gender,1,0
ec97e141fa144e00afe3749045a4cb15,0,gender,2,1
ec97e141fa144e00afe3749045a4cb15,0,gender,3,0
ec97e141fa144e00afe3749045a4cb15,0,gender,4,0
ec97e141fa144e00afe3749045a4cb15,0,gender,5,0
ec97e141fa144e00afe3749045a4cb15,0,gender,6,0
ec97e141fa144e00afe3749045a4cb15,0,gender,7,0
9d18accb931441e88bd2af649d739de2,1,age,1,0
9d18accb931441e88bd2af649d739de2,1,age,2,1
9d18accb931441e88bd2af649d739de2,1,age,3,0
9d18accb931441e88bd2af649d739de2,1,age,4,0
9d18accb931441e88bd2af649d739de2,1,age,5,0
9d18accb931441e88bd2af649d739de2,1,age,6,0
9d18accb931441e88bd2af649d739de2,1,age,7,0
9d18accb931441e88bd2af649d739de2,1,gender,1,1
9d18accb931441e88bd2af649d739de2,1,gender,2,0
9d18accb931441e88bd2af649d739de2,1,gender,3,0
9d18accb931441e88bd2af649d739de2,1,gender,4,0
9d18accb931441e88bd2af649d739de2,1,gender,5,0
9d18accb931441e88bd2af649d739de2,1,gender,6,0
9d18accb931441e88bd2af649d739de2,1,gender,7,0
5beb051265664b03887ea42e32afa08d,1,age,1,0
5beb051265664b03887ea42e32afa08d,1,age,2,0
5beb051265664b03887ea42e32afa08d,1,age,3,0
5beb051265664b03887ea42e32afa08d,1,age,4,1
5beb051265664b03887ea42e32afa08d,1,age,5,0
5beb051265664b03887ea42e32afa08d,1,age,6,0
5beb051265664b03887ea42e32afa08d,1,age,7,0
5beb051265664b03887ea42e32afa08d,1,gender,1,0
5beb051265664b03887ea42e32afa08d,1,gender,2,1
5beb051265664b03887ea42e32afa08d,1,gender,3,0
5beb051265664b03887ea42e32afa08d,1,gender,4,0
5beb051265664b03887ea42e32afa08d,1,gender,5,0
5beb051265664b03887ea42e32afa08d,1,gender,6,0
5beb051265664b03887ea42e32afa08d,1,gender,7,0
e203ac96ed5d49d0990b75a2c33cb3bb,0,age,1,0
e203ac96ed5d49d0990b75a2c33cb3bb,0,age,2,0
e203ac96ed5d49d0990b75a2c33cb3bb,0,age,3,1
e203ac96ed5d49d0990b75a2c33cb3bb,0,age,4,0
e203ac96ed5d49d0990b75a2c33cb3bb,0,age,5,0
e203ac96ed5d49d0990b75a2c33cb3bb,0,age,6,0
e203ac96ed5d49d0990b75a2c33cb3bb,0,age,7,0
e203ac96ed5d49d0990b75a2c33cb3bb,0,gender,1,0
e203ac96ed5d49d0990b75a2c33cb3bb,0,gender,2,1
e203ac96ed5d49d0990b75a2c33cb3bb,0,gender,3,0
e203ac96ed5d49d0990b75a2c33cb3bb,0,gender,4,0
e203ac96ed5d49d0990b75a2c33cb3bb,0,gender,5,0
e203ac96ed5d49d0990b75a2c33cb3bb,0,gender,6,0
e203ac96ed5d49d0990b75a2c33cb3bb,0,gender,7,0
